ha_VBZ the_DT voic_NN of_IN an_DT angel_NN someth_NN in_IN the_DT water_NN is_VBZ such_JJ a_DT beauti_JJ song_NN, 3
gim_VB me_PRP a_DT minut_NN then_RB send_VB er_NN, 2
top_JJ show_NN mate_NN wa_VBD go_VBG to_TO appli_VB but_CC wa_VBD work_VBG lol_UH keep_VB up_RP the_DT good_JJ work_NN, 3
babi_NN do_VBP a_DT followspre_NN as_IN a_DT thank_JJ wai_NN bc_IN of_IN k_NN and_CC follow_VB she_PRP 's_VBZ try_VBG so_RB hard_JJ to_TO be_VB, 2
hahathat_UH might_MD be_VB the_DT best_JJS reason_NN to_TO plai_VB it_PRP at_IN, 3
facebook_NNP audienc_NN network_NN a_DT cure_NN for_IN what_WP ail_NNS you_PRP, 2
studio_NN all_DT dai_NN everydai_NN haha_UH, 2
too_RB bad_JJ the_DT sox_NN ar_VBP n't_RB plai_VBG the_DT giant_NNS, 1
hi_UH lou_UH i_PRP love_VBP you_PRP so_RB much_JJ and_CC a_DT follow_NN would_MD mean_VB the_DT world_NN plz_MD ilysm_VB, 3
i_PRP think_VBP some_DT dude_NNS in_IN thi_DT program_NN ar_VBP mad_JJ i_PRP 'm_VBP not_RB gai_JJ bc_IN thei_PRP probz_RB wan_VBP na_TO date_VB me_PRP sorri_JJ lol_UH i_PRP like_VBP, 1
where_WRB do_VBP your_PRP$ neo_NNS take_VBP you_PRP fwi_VBP hopefulli_RB to_TO your_PRP$ bedroom_NN, 2
phone_NN call_NNS from_IN my_PRP$ nonna_NN ar_VBP the_DT best_JJS alwai_RB when_WRB i_PRP need_VBP them_PRP most_RBS she_PRP call_VBZ, 2
i_PRP wan_VBP na_TO be_VB like_IN thi_DT right_NN now_RB, 2
i_PRP love_VBP you_PRP so_RB, 2
soooo_RB me_PRP lmao_UH let_VBP be_VB clear_JJ, 2
boi_NNS who_WP sing_VBP to_TO you_PRP on_IN the_DT phone_NN, 2
verizon_NN, 2
retweet_VB to_TO gain_VB just_RB follow_VB everyon_NN who_WP retweet_VBZ and_CC follow_VB back_RB who_WP ever_RB follow_VBZ you_PRP follow_VBP to_TO be_VB next_JJ, 2
everi_DT small_JJ decis_NN defin_VBZ us_PRP, 2
click_VB thi_DT link_NN to_TO get_VB a_DT free_JJ amp_NN itun_NNP gift_NN card_NN, 2
hang_VBG kitchen_NN towel_NNS mix_JJ fruit_NN match_VBG pair_NN by_IN debbi_NN crochet_NNS via_IN pottiteam_NN, 2
i_PRP have_VBP post_NN concert_NN depress_NN so_RB ef_RB bad_JJ, 1
so_RB much_JJ homework_NN, 2
your_PRP$ new_JJ singl_JJ love_NN it_PRP good_JJ job_NN bae_NN steal_VB my_PRP$ girl_NN, 3
when_WRB u_PRP feel_VBP cute_JJ but_CC ur_PRP$ selfi_NNS ar_VBP n't_RB cooper_VBG, 2
slide_NN into_IN the_DT dm_NN like_IN see_VB extend_JJ version_NN on_IN my_PRP$ instagram_NN thi_DT shit_NN hard_JJ, 2
be_VBG hungov_NN is_VBZ a_DT type_NN of_IN sick_NN, 2
make_VB a_DT wish_NN befor_IN you_PRP rt_VBP, 2
dm_VB me_PRP pleas_VB gui_NNS it_PRP 'll_MD cheer_VB me_PRP up_RP a_DT bit_NN, 2
there_EX is_VBZ onli_RB jesu_NNP warrior_NN, 2
student_NNS check_VB out_RP thi_DT shrek_NN workshop_NN irish_JJ academi_NN of_IN music_JJ theatr_NN ar_VBP now_RB take_VBG book_NNS for_IN their_PRP$ west_NN, 2
what_WP do_VBP you_PRP think_VBP mummi_NNS ar_VBP skeleton_NNS, 2
event_NNS and_CC gather_NNS strawberri_NN avocado_NN salad_NN, 2
the_DT clearli_RB unscriptur_JJ role_NN of_IN the_DT super_JJ pastor_NN, 2
i_PRP know_VBP who_WP i_PRP want_VBP to_TO take_VB me_PRP home_NN, 2
pleas_VB do_VB n't_RB us_VB `_`` ty_NN '_'' instead_RB of_IN thank_VB you_PRP it_PRP is_VBZ veri_RB confus_JJ how_WRB would_MD you_PRP feel_VBP if_IN your_PRP$ nicknam_NN were_VBD an_DT acronym_NN ty_UH, 2
i_PRP fuck_VB with_IN myself_PRP caus_IN in_IN the_DT end_NN dat_NNS all_DT i_PRP got_VBD, 2
there_EX 's_VBZ no_DT limit_NN to_TO perfect_NN now_RB crystal_JJ casino_NN is_VBZ better_JJR then_IN it_PRP wa_VBD gameinsight_JJ iphonegam_NNS iphon_NN, 2
kati_NNP perri_NNP tonight_NN prismat_JJ world_NN tour_NN, 2
how_WRB mani_JJ track_NNS, 2
amin_UH morn_NN if_IN there_EX is_VBZ no_DT more_JJR hope_NN do_VBP n't_RB forget_VB you_PRP still_RB have_VBP a_DT miracl_NN at_IN my_PRP$ best_JJS place_NN pic_NN, 2
inlov_NN with_IN sam_NNP smith_NN station_NN on_IN pandora_NNP, 2
e_NN music_NN ditch_NNS major_JJ label_NNS as_IN it_PRP hope_VBZ to_TO rule_VB indi_JJ song_NN download_NNS, 2
i_PRP want_VBP so_RB much_JJ shit_NN, 3
if_IN you_PRP 're_VBP lucki_JJ enough_RB to_TO get_VB a_DT second_JJ chanc_NN at_IN someth_NN do_VBP n't_RB wast_VB it_PRP, 3
will_MD be_VB a_DT gr_NN s_NN of_IN castl_NN, 2
have_VBG a_DT clean_JJ closet_NN make_VBZ me_PRP feel_VBP some_DT type_NN of_IN wai_NN, 2
fall_VBP, 2
i_PRP 'm_VBP tryna_VBG go_VB kick_VB it_PRP with_IN somebodi_NN, 2
white_JJ peopl_NNS googl_VB search_NNS white_JJ peopl_NNS googl_VB search_NNS do_VBP black_JJ men_NNS have_VBP the_DT biggest_JJS dick_NN, 2
who_WP the_DT fuck_NNS ar_VBP you_PRP ugli_JJ cunt_NN, 1
morn_NN dek_NN, 2
hate_VBP, 1
oomf_NN you_PRP cute_JJ as_IN hell_NN hmu_UH, 2
you_PRP 're_VBP funni_JJ lolz_UH, 3
le_JJ twin_NNS, 2
i_PRP swear_VBP me_PRP n_CC bless_VBZ just_RB fell_VBN of_IN hard_JJ, 1
when_WRB walk_VBP out_IN when_WRB buss_NNS a_DT save_NN yaaaaaa_UH, 2
snack_NN time_NN, 2
boho_UH ring_NNS need_VBP them_PRP all_DT, 2
existenti_JJ question_NNS, 2
fuck_VB dat_DT bitch_NN, 1
be_VB safe_JJ my_PRP$ fellow_JJ follow_NNS amp_NN stayoffthetrack_NNS bnsf_VBP st_NNP arlington_NNP lion_NNS, 2
the_DT foundat_NN of_IN a_DT healthi_JJ relationship_NN trust_NN and_CC commun_NN, 2
drake_NNP been_VBN dope_JJ on_IN diss_NN track_NNS sinc_IN he_PRP wa_VBD diss_VBG local_NNS befor_IN he_PRP got_VBD big_JJ peep_NN thi_DT drake_NNP good_JJ riddanc_NN vers_NN, 2
discount_NN code_NN, 2
disnei_NN princess_NNS as_IN mean_JJ girl_NNS, 2
pl_VB jessica_NNP wont_MD leav_VB snsd_NNP, 2
i_PRP so_RB badli_RB want_VB to_TO have_VB a_DT normal_JJ convers_NN with_IN you_PRP again_RB, 1
how_WRB can_MD the_DT most_RBS high_JJ of_IN all_DT god_NNS our_PRP$ savior_NN and_CC creator_NN yahua_NN be_VB the_DT on_CD order_VBG your_PRP$ step_NNS be_VB the_DT rock_NN, 2
hello_UH how_WRB ar_VBP you_PRP babessss_NNS im_PRP in_IN hotel_NN right_RB now_RB im_PRP so_RB board_NN, 2
theyr_PRP$ alwai_RB there_RB, 2
sex_NN and_CC candi_NN alt_NN, 2
gnna_VBG keep_VB try_VBG to_TO make_VB you_PRP happi_JJ forev_RB, 3
my_PRP$ life_NN without_IN you_PRP ha_VBZ been_VBN great_JJ amp_NN alwai_RB will_MD be_VB, 3
export_NN restrict_NNS the_DT softwar_NN is_VBZ subject_JJ to_TO unit_NNP state_NNS export_NN law_NNS and_CC bjk_VB fb_NNP gooaaallll_NN, 2
what_WP, 2
i_PRP 've_VBP got_VBN ta_TO realiz_VB i_PRP ca_MD n't_RB make_VB everyon_NN happi_JJ no_DT matter_NN how_WRB hard_JJ i_PRP try_VBP, 1
thank_UH boo_NN, 2
i_PRP did_VBD the_DT cowboi_NNS ar_VBP explos_JJ thei_PRP have_VBP the_DT best_JJS offens_NN in_IN the_DT leagu_NN, 3
take_VBG it_PRP in_IN the_DT ass_NN wednesdai_NNP a_DT peak_NN at_IN thi_DT week_NN 's_POS adventur_NN kiss_VBZ miss_VB bea_NNP, 2
summertim_NN sad_NN, 1
christina_NNP no_DT do_VBP n't_RB sai_VB that_IN, 2
plug_NN talk_NN, 2
ar_VBP you_PRP prepar_VBD to_TO grow_VB smallbiz_NN, 2
she_PRP went_VBD from_IN bill_NN cosbi_NN to_TO nicki_NNP minaj_NNP quick_JJ, 2
peopl_NNS follow_VBD me_PRP and_CC peopl_NNS unfollow_VBD me_PRP in_IN the_DT last_JJ dai_NN thank_VB you_PRP app_NN, 2
how_WRB 's_BES my_PRP$ girl_NN thi_DT word_NN sentenc_NN could_MD make_VB ani_DT girl_NNS dai_NN in_IN second_NNS, 2
photo_NN shoot_NN tomorrow_NN, 2
check_VB out_RP the_DT roundish_NN, 2
i_PRP 'm_VBP still_RB a_DT bmobil_NN user_NN can_MD u_PRP not_RB hahahah_UH belum_NN tukar_NN pcsb_NN pl_NN, 2
you_PRP 're_VBP a_DT funni_JJ motherfuck_NN but_CC you_PRP do_VBP n't_RB follow_VB back_RB as_IN you_PRP 're_VBP number_NNS reflect_VBP x_NN as_IN mani_JJ follow_NNS, 1
tryna_VBG get_VB like_IN me_PRP, 2
anoth_DT night_NN of_IN ghost_NN hunt_NN thi_DT fridai_NNP rd_NN octob_NNP st_NNP catherin_VBZ former_JJ hospit_NN we_PRP ar_VBP onli_RB the_DT second_JJ, 2
a_DT lesson_NN in_IN ar_VBP n't_RB u_PRP the_DT ladi_NN from_IN the_DT corner_NN me_PRP ye_UH if_IN u_PRP mean_VBP the_DT ladi_NN that_WDT live_VBZ in_IN the_DT hous_NN on_IN the_DT corner_NN, 2
fan_NNS i_PRP want_VBD sai_VB thank_VB u_PRP all_DT your_PRP$ support_NN stai_VB tune_VBN more_RBR music_NN n_CC film_NNS we_PRP 're_VBP work_VBG on_IN sever_JJ project_NNS so_IN i_PRP 'll_MD keep_VB u_PRP updat_VBN, 2
congradul_NNS to_TO the_DT byrd_NN golf_NN team_NN for_IN the_DT confer_NN championship_NN and_CC dylan_NNP carr_NNP for_IN the_DT top_JJ individu_NN keep_VB it_PRP, 3
riku_NNP and_CC sora_NNP ar_VBP so_RB cute_JJ, 3
bitch_NNS love_VBP to_TO ride_VB me_PRP like_IN a_DT damn_JJ scooter_NN, 1
i_PRP wa_VBD a_DT met_VBN polic_NN offic_NN onc_RB arrest_VBN for_IN attempt_JJ murder_NN uk_NNP us_PRP, 1
stop_VB worri_VBG about_IN someon_NN that_WDT is_VBZ n't_RB worri_VBN about_IN you_PRP it_PRP 's_VBZ not_RB worth_JJ it_PRP, 2
you_PRP ar_VBP so_RB endear_JJ pleas_VB deflow_VB me_PRP, 2
i_PRP just_RB found_VBN out_RP tho_RB so_IN it_PRP 's_VBZ okai_JJ, 2
me_PRP and_CC my_PRP$ friend_NNS did_VBD a_DT word_NN search_NN dure_IN so_NNS most_RBS intrigu_JJ thing_NN iv_PRP ever_RB done_VBN, 3
i_PRP record_VBD my_PRP$ hair_NN thi_DT morn_NN tonight_NN im_PRP watch_VBG the_DT highlight_NNS jai_NNP d_NN, 2
i_PRP 'm_VBP glad_JJ you_PRP understand_VBP what_WP i_PRP mean_VBP keep_VB on_IN keepin_VBG on_IN, 3
k_NN at_IN them_PRP stan_VBG for_IN chrissi_NNP, 2
i_PRP 'm_VBP full_JJ but_CC it_PRP 's_VBZ just_RB so_RB good_JJ, 3
i_PRP need_VBP to_TO get_VB awai_RB for_IN a_DT bit_NN and_CC forget_VB about_IN all_PDT the_DT pain_NN i_PRP have_VBP been_VBN put_VBN into_IN, 1
becaus_IN we_PRP all_DT love_VBP you_PRP and_CC care_VB about_IN you_PRP that_DT why_WRB, 2
lmfao_UH, 2
school_NN liter_RB kill_VBZ my_PRP$ vibe_NN, 1
drake_NNP the_DT type_NN of_IN nigga_NN to_TO get_VB slap_VBN by_IN hi_PRP$ girl_NN amp_NN sai_VBP i_PRP deserv_VBP that_DT, 2
train_VB your_PRP$ mind_NN to_TO see_VB the_DT good_JJ in_IN everyth_NN, 3
do_VBP you_PRP ask_VBP enough_JJ question_NNS or_CC do_VBP you_PRP settl_VBP for_IN what_WP you_PRP know_VBP, 2
visual_JJ medit_NN st_NNP franci_NNP amp_NN wolf_NN of_IN gubbio_NN, 2
i_PRP swear_VBP i_PRP love_VBP he_PRP 's_VBZ my_PRP$ best_JJS friend_NN amp_NN all_DT that_DT, 3
mannnnnn_UH i_PRP 'm_VBP beyond_IN stress_VBN out_RP i_PRP hate_VBP school_NN at_IN thi_DT moment_NN, 1
i_PRP miss_VBP flashpoint_NN, 1
when_WRB my_PRP$ crush_NN think_VBZ i_PRP 'm_VBP cute_JJ, 2
i_PRP swear_VBP my_PRP$ grandma_NN alwai_RB ha_VBZ to_TO bother_VB shit_NN that_WDT do_VBP n't_RB have_VB shit_NN to_TO do_VB with_IN her_PRP, 1
wow_UH i_PRP wish_VBP my_PRP$ school_NN did_VBD thi_DT, 2
ye_UH ye_UH god_NNP i_PRP miss_VBP thi_DT, 1
she_PRP ha_VBZ a_DT vacat_NN home_NN in_IN the_DT town_NN i_PRP live_VBP in_IN she_PRP 's_VBZ veri_RB veri_RB soft_JJ spoken_VBN i_PRP did_VBD n't_RB interact_VB w_IN her_PRP directli_RB tho_RB, 3
what_WP up_RP wan_VBG na_TO do_VB a_DT ten_CD dollar_NN order_NN, 2
i_PRP would_MD total_RB bang_VB myself_PRP if_IN i_PRP wa_VBD n't_RB me_PRP, 1
my_PRP$ lip_NNS so_RB big_JJ i_PRP actual_RB got_VBD ta_TO have_VB two_CD separ_JJ thing_NNS of_IN chapstick_NN for_IN each_DT on_CD, 2
omgg_UH i_PRP do_VBP not_RB fuck_VBG feel_VB good_JJ at_IN all_DT, 1
i_PRP wish_VBP i_PRP could_MD wake_VB up_RP and_CC thi_DT all_DT be_VB a_DT dream_NN, 2
school_NN liter_RB drain_VBZ me_PRP, 1
hate_VBP when_WRB thi_DT happen_VBZ w_IN ilovesickdrop_NNS, 1
befor_IN store_VBG your_PRP$ patio_NN furnitur_NN for_IN the_DT winter_NN clean_VB your_PRP$ cushion_NNS with_IN bake_VBG soda_NN and_CC water_NN to_TO keep_VB them_PRP smell_VBG fresh_JJ, 2
thing_NNS to_TO rememb_VB, 2
pretti_RB sure_JJ you_PRP got_VBD me_PRP beat_VB on_IN the_DT on_CD sweetheart_NN he_PRP wink_VBZ and_CC chuckl_NNS and_CC look_VBZ back_RB to_TO her_PRP, 2
khalil_NNP alwai_RB lyin_VBZ, 1
retweet_VB if_IN you_PRP wan_VBP na_TO gain_VB just_RB follow_VB everyon_NN who_WP retweet_VBZ thi_DT and_CC follow_VB back_RB whoever_WP follow_VBZ you_PRP follow_VBP, 2
noooooo_UH jesssiiii_NNP noooo_UH i_PRP am_VBP fcking_VBG cry_VBG now_RB, 1
nobodi_NN think_VBZ like_IN me_PRP, 2
describ_VB yourself_PRP in_IN on_CD pictur_NN dancer_NN probz_RB facialsfordai_VBZ simpson_NNP counti_NN dyw_NN, 2
follow_VB meee_PRP pleasee_VBG i_PRP love_VBP you_PRP so_RB much_JJ lt_NNP x_UH, 3
i_PRP serious_RB love_VBP see_VBG ngl_UH absolut_JJ fave_NN, 3
sabi_NNS do_VBP n't_RB go_VB there_RB do_VBP n't_RB make_VB me_PRP start_VBP talk_VBG about_IN batman_NNP, 2
la_UH red_JJ social_JJ on_CD direct_NN social_JJ net_NN he_PRP 's_VBZ so_RB cute_JJ omg_UH, 2
so_RB mad_JJ my_PRP$ mirror_NN broke_VBD, 1
i_PRP would_MD post_VB my_PRP$ mcm_NN but_CC, 2
i_PRP do_VBP n't_RB know_VB how_WRB to_TO work_VB the_DT dvd_NN player_NN, 2
il_NNP get_VB lost_VBN tomorrow_NN guarante_VBN, 1
even_RB when_WRB sad_JJ a_DT pisc_NNS ha_VBZ a_DT funni_JJ cute_JJ face_NN that_WDT make_VBZ it_PRP hard_JJ to_TO tell_VB if_IN thei_PRP realli_RB ar_VBP sad_JJ and_CC depress_JJ, 1
it_PRP wa_VBD too_RB much_JJ as_IN a_DT sub_NN, 2
sleepi_JJ michael_NNP, 1
i_PRP have_VBP a_DT new_JJ attitud_NN fuck_VB with_IN it_PRP or_CC choos_VBP not_RB to_TO, 1
after_IN month_NNS of_IN attack_VBG fl_NNP water_NN lawsuit_NN for_IN apalachicola_NN bai_NN gwen_NN graham_NNP now_RB support_VBZ it_PRP new_JJ dai_NN new_JJ flip_NN flop_NN same_JJ gwen_NN sayfi_NN, 2
nigga_NNS will_MD tell_VB you_PRP a_DT lie_NN then_RB sai_VB what_WP i_PRP got_VBD ta_TO lie_VB for_IN, 1
i_PRP love_VBP you_PRP so_RB much_JJ could_MD you_PRP spend_VBP second_NNS to_TO sai_VB me_PRP a_DT hi_NN thi_DT is_VBZ my_PRP$ dream_NN, 3
i_PRP post_VBD a_DT new_JJ photo_NN to_TO facebook_NNP, 2
let_VB me_PRP go_VBP do_VB my_PRP$ hw_NN cant_MD wast_VB my_PRP$ time_NN on_IN petti_JJ bitch_NNS, 1
vtg_NNP 's_POS gold_NN medal_NN betti_NN crocker_NN baker_NNS servic_NN bakeri_NN recip_NNS end_NN date_NN mondai_NNP sep_UH, 2
red_NNS ca_MD n't_RB stai_VB with_IN the_DT statu_NN quo_NN anymor_RB, 2
i_PRP m_VBP the_DT gui_NN arjumand_NN hussain_NN who_WP boot_VBD rehman_NNP malik_NNP from_IN pia_NNP p_NN uzmevd_NN, 2
stop_VB romantic_VBG the_DT idea_NN of_IN becom_VBG so_RB depend_JJ on_IN anoth_DT human_NN be_VBG you_PRP can_MD not_RB function_VB adequ_RB without_IN their_PRP$ presen_NN, 2
ca_MD n't_RB wait_VB till_IN wednesdai_NNP buc_NNP n_CC black_JJ out_IN buctob_NN, 2
american_JJ tenni_NN hall_NN of_IN fame_NN set_VBN to_TO come_VB to_TO north_NNP iowa_NNP, 2
white_JJ twitter_NNP vs_IN black_JJ twitter_NNP, 2
he_PRP 's_VBZ like_IN, 2
mahalo_NNP tom_NNP and_CC aloha_UH to_TO and_CC all_DT the_DT other_NNS here_RB at_IN, 2
me_PRP try_VBG to_TO get_VB my_PRP$ summer_NN bodi_NN me_PRP after_IN thi_DT burrito_NN ilovemexicanfood_NN, 2
go_VB like_IN and_CC revin_VB my_PRP$ last_JJ vine_NN and_CC tweet_VB me_PRP a_DT screenshot_NN for_IN a_DT followdm_NN im_PRP check_VBG right_RB now_RB, 2
lil_JJ man_NN at_VBD that_DT hoe_NN, 2
my_PRP$ fitbit_NN fitstat_NNS for_IN last_JJ week_NN step_NNS, 2
happi_JJ birthdai_NN, 2
she_PRP 's_VBZ not_RB in_IN a_DT boat_NN she_PRP 's_VBZ just_RB half_PDT a_DT bodi_NN, 2
happi_JJ birthdai_NN carolineluv_NN ya_PRP lot_NNS, 2
everi_DT time_NN birdman_NN rap_NNS i_PRP chang_VBP the_DT song_NN bruh_NN, 2
eagl_NNS activ_VBP lane_NN johnson_NNP from_IN the_DT reservesuspend_JJ list_NN and_CC releas_NN ol_JJ kevin_NNP graf_NN, 2
i_PRP will_MD walk_VB past_IN u_PRP miltipl_VBP time_NNS amp_NN wo_MD n't_RB speak_VB idc_UH, 2
patriot_NNS plai_VBP tonight_NN i_PRP wan_VBP na_TO go_VB somewher_RB amp_NN watch_VB chicken_NN amp_NN drink_NNS anybodi_NN, 2
start_VBN from_IN the_DT bottom_NN now_RB we_PRP here_RB, 3
i_PRP have_VBP an_DT addict_NN to_TO tea_NN, 1
hope_VBP for_IN a_DT better_JJR world_NN is_VBZ not_RB enough_RB third_JJ world_NN citizen_NNS must_MD crush_VB the_DT extern_JJ and_CC intern_JJ forc_NNS of_IN their_PRP$ exploit_NN, 2
he_PRP still_RB hit_VBZ me_PRP up_RP after_IN i_PRP 'm_VBP like_IN engag_VBN amp_NN preg_NN off_IN the_DT jock_NN pl_NN im_PRP happyyi_JJ, 3
okai_UH rose_NNS ar_VBP red_JJ violet_NNS ar_VBP blue_JJ vin_NN pweh_UH lolo_UH un_UH cheww_UH, 2
when_WRB you_PRP and_CC your_PRP$ best_JJS friend_NN sai_VBP the_DT same_JJ thing_NN at_IN the_DT same_JJ time_NN, 2
huge_JJ game_NN tomorrow_NN at_IN home_NN against_IN unionvil_NN for_IN the_DT boi_NNS soccer_NN team_NN everyon_NN be_VB there_RB at_IN the_DT rustin_NN stadium_NN, 3
sinc_IN your_PRP$ purchas_NN issu_NN ha_VBZ been_VBN go_VBG on_IN for_IN a_DT few_JJ month_NNS pleas_VBP submit_VB a_DT ticket_NN us_VBG thi_DT link_NN, 2
keep_VB your_PRP$ ey_NNS out_IN for_IN gregori_NNP bush_NNP and_CC call_VB surrei_JJ rcmp_NN if_IN you_PRP spot_NN him_PRP surrei_JJ most_RBS want_VBD, 2
i_PRP 'm_VBP innoc_JJ i_PRP do_VBP n't_RB like_IN thi_DT sexual_JJ talk_NN, 1
doubl_JJ rainbow_NN, 2
lgbt_UH wed_NNS in_IN playadel_NNP carmen_NNP lgbt_NNP gaywed_NNS gaytravel_NN gayfriendli_RB, 2
ah_UH sure_JJ why_WRB not_RB blog_NN time_NN on_IN ct_NN site_NN hope_VBP you_PRP enjoi_VBP catchup_NN not_RB ketchup_NN, 2
i_PRP guess_VBP i_PRP turn_VBD on_IN the_DT wrong_JJ burner_NN, 2
retweet_VB to_TO gain_VB just_RB follow_VB everyon_NN who_WP retweet_VBZ and_CC follow_VB back_RB who_WP ever_RB follow_VBZ you_PRP follow_VBP to_TO be_VB next_JJ, 2
if_IN women_NNS didnt_VBD exist_VB all_DT the_DT monei_NN in_IN the_DT world_NN would_MD have_VB no_DT mean_NN aristotl_NN onassi_NN, 2
follow_VB me_PRP i_PRP alwai_RB follow_VB back_RB true_JJ follow_VB back_RB birdi_NNS up_RP, 2
link_NN remov_VBN, 2
he_PRP leav_VBG the_DT physic_JJ realm_NN on_IN light_JJ tweetdeck_NN im_PRP, 2
hi_UH luke_NNP it_PRP would_MD mean_VB the_DT world_NN to_TO me_PRP if_IN you_PRP follow_VBD me_PRP you_PRP 're_VBP my_PRP$ sunshin_NN and_CC ili_RB, 3
soooo_RB me_PRP lmao_UH let_VBP be_VB clear_JJ, 2
for_IN a_DT littl_JJ while_IN he_PRP then_RB look_VBD back_RB up_RB at_IN her_PRP$ wait_NN to_TO hear_VB her_PRP$ answer_NN, 2
i_PRP 'm_VBP liter_RB yell_VBG in_IN differ_JJ languag_NNS, 2
hi_UH luke_NNP it_PRP would_MD mean_VB the_DT world_NN to_TO me_PRP if_IN you_PRP follow_VBD me_PRP you_PRP 're_VBP my_PRP$ sunshin_NN and_CC ili_RB, 3
maam_UH im_PRP sorri_JJ but_CC that_DT babi_NN wa_VBD due_JJ todai_NN i_PRP dont_VBP care_VB if_IN it_PRP not_RB done_VBN just_RB turn_VB in_IN what_WP you_PRP have_VBP, 2
make_VBZ sens_NN like_JJ provid_VBZ you_PRP a_DT mean_NN for_IN filter_VBG more_JJR easilyquickli_RB than_IN manual_RB search_VBG group_NNS exec_NN career_NN, 2
thi_DT is_VBZ an_DT interest_JJ campaign_NN, 3
in_IN a_DT few_JJ month_NNS i_PRP 'll_MD probabl_RB laugh_VB at_IN myself_PRP for_IN care_VBG so_RB fuck_RB much_JJ, 1
check_VB out_RP thi_DT job_NN speech_NN scientist_NN at_IN amazon_NNP in_IN gdynia_NNP, 2
the_DT stench_NN in_IN thi_DT cafeteria_NN can_MD onli_RB be_VB describ_VBN by_IN on_CD word_NN si_VBD, 2
aminnnn_UH, 2
follow_VB me_PRP pl_VB i_PRP love_VBP you_PRP, 3
instead_RB of_IN be_VBG like_IN oh_UH stupid_JJ white_JJ peopl_NNS steal_VBG thing_NNS from_IN us_PRP rememb_VBP that_IN our_PRP$ cultur_NNS have_VBP chang_VBN due_JJ to_TO cultur_JJ diffus_NN, 1
current_RB still_RB hungri_JJ ft_NN no_DT food_NN in_IN fridg_NN, 1
jacki_NNP speak_VB english_JJ pleas_VB, 2
stori_NN of_IN my_PRP$ life_NN, 2
new_JJ list_NN in_IN mt_JJ washington_NNP heritag_NN creek_NN wai_NN, 2
look_VBG for_IN veri_RB good_JJ player_NNS to_TO plai_VB gb_NN tl_NN, 3
updat_NN boe_VBG to_TO shift_VB some_DT defens_NN work_NN out_IN of_IN washington_NNP state_NN sourc_NNS washington_NNP sept_VBD reuter_NNS b_VB, 2
it_PRP$ poison_NN your_PRP$ mind_NN, 1
i_PRP honestli_RB get_VB my_PRP$ hope_NNS up_IN for_IN someth_NN i_PRP know_VBP wo_MD n't_RB happen_VB, 2
had_VBD to_TO text_VB oomf_PRP it_PRP$ been_VBN a_DT while_NN, 2
i_PRP want_VBP to_TO eat_VB though_IN i_PRP 'm_VBP not_RB hungri_JJ at_IN all_DT, 2
i_PRP almost_RB just_RB said_VBD custer_NN instead_RB of_IN templin_VBG uglycri_VBG imissmi_JJ kamster_NNS, 2
on_IN my_PRP$ wai_NN, 2
you_PRP have_VBP to_TO refresh_VB the_DT page_NN it_PRP doe_VBZ n't_RB have_VB real_JJ notif_NNS yet_RB, 2
keep_VB in_IN mind_NN, 2
but_CC i_PRP wish_VBP i_PRP live_VBD there_RB, 2
life_NN would_MD be_VB so_RB much_RB better_JJR if_IN i_PRP had_VBD a_DT calum_NN follow_VB, 3
i_PRP hate_VBP how_WRB my_PRP$ mood_NN can_MD chang_VB quick_JJ, 1
touchdown_NN jack_NNP, 2
if_IN all_DT goe_VBZ well_RB school_NN school_NNS been_VBN brutal_JJ so_RB have_VB n't_RB been_VBN lift_VBG as_RB much_JJ, 1
you_PRP can_MD be_VB the_DT richest_JJS man_NN in_IN the_DT world_NN but_CC monei_NN will_MD never_RB amount_VB to_TO the_DT happi_NNS love_VBP can_MD bring_VB, 2
want_VB me_PRP to_TO block_VB your_PRP$ number_NN so_IN you_PRP know_VBP what_WP it_PRP 's_VBZ like_IN, 1
we_PRP all_DT have_VBP that_DT on_CD friend_NN that_WDT look_VBZ chines_JJ but_CC isnt_VBZ, 2
i_PRP think_VBP it_PRP work_VBD i_PRP listen_VBD to_TO it_PRP all_DT thank_NNS for_IN help_VBG, 2
happi_JJ th_DT birthdai_NN i_PRP hope_VBP u_PRP had_VBD the_DT best_JJS dai_NN, 3
my_PRP$ hero_NNS my_PRP$ love_NN my_PRP$ everyth_NN can_MD you_PRP pleas_VB follow_VB me_PRP i_PRP need_VBP that_DT amp_NN you_PRP pleas_VBP love_VB you_PRP x_UH, 3
who_WP score_VBD lol_UH, 2
art_NN prize_NN shortlist_NN live_VBP coverag_NN happen_VBG now_RB as_IN juror_NNS unveil_VB their_PRP$ top_JJ pick_NNS, 2
zodiac_NN sign_NNS that_WDT follow_VBP their_PRP$ mind_NN gemini_NN libra_NNP aquariu_NNP leo_NNP ari_NNP sagittariu_NNP, 2
ar_VBP red_JJ violet_NNS ar_VBP blue_JJ someon_NN love_VBZ you_PRP here_RB 's_VBZ a_DT clue_NN it_PRP 's_VBZ me_PRP pleas_VB follow_VB me_PRP stealmygirl_NNP, 2
thot_VBD thi_DT wa_VBD funni_JJ, 3
not_RB everydai_JJ you_PRP score_VBP at_IN ibrox_NNP, 2
did_VBD you_PRP have_VBP mrhill_NN for_IN english_JJ, 2
of_IN peopl_NNS will_MD text_VB thing_NNS that_IN thei_PRP could_MD never_RB sai_VB in_IN person_NN, 2
scarlett_NN pretti_RB pictur_NN, 2
civi_NNS dai_NN tue_VBZ septemb_NNP onli_RB appropri_JJ wear_NN that_WDT is_VBZ not_RB contrari_JJ to_TO the_DT cathol_NN code_NN of_IN conduct_NN is_VBZ accept_JJ, 2
the_DT most_RBS talent_JJ artist_NNS get_VBP the_DT most_RBS hate_VBP, 1
doe_VBZ it_PRP look_VBP like_IN i_PRP care_VBP lmfao_UH, 2
gui_NNS alwai_RB sai_VB that_DT girl_NNS ar_VBP confus_JJ when_WRB thei_PRP 're_VBP the_DT confus_JJ on_NNS, 2
some_DT artist_NNS in_IN other_JJ fandom_NNS leak_NN their_PRP$ own_JJ song_NN yet_RB fan_NNS have_VBP listen_VBN to_TO and_CC have_VBP n't_RB said_VBD a_DT word_NN, 2
the_DT onli_JJ wai_NN i_PRP could_MD do_VB squat_NNS, 2
peopl_NNS ar_VBP like_IN snowflak_NNS if_IN you_PRP piss_VBP on_IN them_PRP thei_PRP go_VBP awai_RB, 2
the_DT messeng_NN of_IN allaah_NNP peac_NN and_CC bless_NNS of_IN allaah_NN be_VB upon_IN him_PRP said_VBD allah_NNP is_VBZ kind_NN and_CC he_PRP love_VBZ kind_NN narrat_VBD by_IN muslim_NN, 2
if_IN you_PRP talk_VBP about_IN it_PRP you_PRP care_VBP about_IN it_PRP that_DT 's_VBZ why_WRB i_PRP keep_VBP my_PRP$ mouth_NN shut_VBD, 2
love_VBP you_PRP, 3
okok_UH wtf_UH just_RB happen_VBD jacob_NNP dmed_VBD me_PRP back_RB in_IN less_JJR than_IN min_NNS, 2
in_IN israel_NNP the_DT titl_NN of_IN the_DT movi_NN cloudi_JJ with_IN a_DT chanc_NN of_IN meatbal_NNS wa_VBD chang_VBN to_TO cloudi_JJ with_IN a_DT chanc_NN of_IN falafel_NN, 2
you_PRP 're_VBP a_DT of_IN shit_NN, 1
your_PRP$ view_NNS of_IN the_DT world_NN ar_VBP just_RB that_DT find_VB peopl_NNS who_WP think_VBP like_IN you_PRP and_CC take_VB over_RP, 2
for_IN for_IN off_RP singl_JJ item_NN and_CC bui_VB get_VB two_CD free_JJ beauti_NN product_NNS my_PRP$ heart_NN wa_VBD like_IN thi_DT, 2
no_UH she_PRP doe_VBZ n't_RB, 2
lmao_UH i_PRP 'm_VBP gone_VBN, 2
stop_VB get_VBG attach_VBN to_TO peopl_NNS so_RB fast_RB becaus_IN attach_NNS lead_VBP to_TO expect_NNS and_CC expect_NNS can_MD lead_VB to_TO disappoint_VB, 2
do_VBP n't_RB forget_VB to_TO enter_VB our_PRP$ competit_NN to_TO win_VB an_DT outfit_NN worth_NN like_IN us_PRP amp_NN share_NN thi_DT post_NN follow_VB us_PRP amp_NN rt_NN, 2
thi_DT is_VBZ the_DT saddest_JJS thing_NN yet_RB, 1
smile_NN look_VBZ so_RB good_JJ that_IN it_PRP hurt_VBZ, 2
that_DT nap_NN wa_VBD heavenli_JJ, 3
i_PRP ai_VBP n't_RB try_VBG to_TO do_VB what_WP everybodi_NN els_RB do_VBG, 2
reddit_NN ama_NN categori_NN sight_VBD on_IN jeopardi_NN, 2
pull_VB up_RP wit_IN dat_DT choppa_NN and_CC a_DT telescop_NN graaa_NN, 2
brownskin_VBG women_NNS gtgtgtgtgt_JJ darkskin_JJ women_NNS yea_UH got_VBD ta_TO agre_VB, 2
steal_VB my_PRP$ girl_NN is_VBZ here_RB we_PRP hope_VBP you_PRP like_VBP it_PRP let_VBP us_PRP know_VBP what_WP you_PRP think_VBP thank_VB you_PRP for_IN let_VBG us_PRP do_VBP it_PRP, 2
i_PRP realli_RB want_VBP to_TO meet_VB harri_NNP same_JJ celin_NN la_NNP red_JJ social_JJ on_CD direct_NN social_JJ net_NN, 2
women_NNS who_WP love_VBP women_NNS ar_VBP the_DT women_NNS i_PRP love_VBP, 3
i_PRP invit_VB you_PRP to_TO follow_VB is_VBZ break_VBG world_NN and_CC uk_NNP new_NN, 2
the_DT wai_NN he_PRP 's_VBZ sit_VBG and_CC ty_VBG liam_NNS shoe_NN is_VBZ so_RB cute_JJ and_CC sweet_JJ he_PRP 's_VBZ like_IN a_DT child_NN im_PRP a_DT bake_JJ potato_NN, 3
retweet_VB thi_DT follow_VB me_PRP amp_NN everyon_NN els_RB that_IN retweet_NNS thi_DT for_IN follow_NNS fast_RB team_NN follow_VB back_RB follow_VB be_VB follow_VBN, 2
sai_VB good_JJ nightmorn_NN world_NN pllllzzz_NN miss_VB thi_DT, 2
do_VBP n't_RB let_VB societi_NN and_CC todai_NN cultur_NN defin_VB you_PRP be_VB the_DT type_NN of_IN person_NN you_PRP want_VBP to_TO be_VB, 2
do_VBP you_PRP ever_RB see_VB a_DT hot_JJ and_CC think_VB yep_UH that_DT a_DT h_NN ot_NN onc_RB, 2
sorri_JJ we_PRP split_VBD i_PRP have_VBP train_NN that_WDT start_VBD minut_NNS ago_RB whoop_UH, 2
yejinah_UH how_WRB do_VBP you_PRP spend_VBP your_PRP$ time_NN in_IN raini_JJ dai_NN, 2
just_RB rewatch_VBN hella_RB interview_NNS todai_NN dude_NN is_VBZ just_RB soo_RB real_JJ it_PRP 's_VBZ inspir_JJ, 2
we_PRP 're_VBP closer_RB to_TO independ_NN than_IN ever_RB befor_IN most_JJS under_NNS vote_VBD ye_UH amp_NN snp_NN membership_NN is_VBZ now_RB x_UH lab_NN so_IN why_WRB stop_VB ht_NN, 2
somebodi_NN text_VBP me_PRP, 2
harri_NNP, 2
i_PRP can_MD tell_VB everi_DT time_NN i_PRP refresh_VBP my_PRP$ page_NN you_PRP appear_VBP with_IN someth_NN els_RB to_TO sai_VB, 2
la_UH red_JJ social_JJ on_CD direct_NN social_JJ net_NN dstalker_NN btr_NN were_VBD n't_RB worldwid_JJ famou_JJ when_WRB the_DT boi_NNS tour_VBD with_IN them_PRP haha_UH that_DT the_DT differ_NN, 2
nah_UH rob_NNP and_CC ranjeet_VB both_DT told_VBD me_PRP thei_PRP hate_VBP you_PRP lol_UH, 2
just_RB post_VBD a_DT photo_NN starbuck_VB, 2
it_PRP 's_BES catch_VB a_DT guat_NN season_NN alreadi_RB, 2
gui_NNS there_RB '_'' s_BES go_VBG to_TO be_VB a_DT babi_NN diehl_NN i_PRP am_VBP so_RB excit_JJ, 3
everyth_NN, 2
hold_VB shit_NN down_IN i_PRP do_VBP n't_RB need_VB no_DT help_NN, 2
and_CC uncl_NN, 2
lmaooooooooooo_UH man_UH look_VB you_PRP more_RBR wotless_JJ than_IN me_PRP, 2
to_TO celebr_VB reach_VBG k_JJ follow_NNS on_IN soundcloud_NNP im_PRP give_VBG on_CD of_IN my_PRP$ track_NNS awai_RB free_JJ deep_JJ hous_NN gt_NN, 2
new_JJ week_NN fresh_JJ start_NN we_PRP will_MD be_VB readi_JJ for_IN saturdai_NNP famili_NN yeswewil_NN, 3
me_PRP everi_DT morn_NN, 2
just_RB pour_VBD water_NN on_IN my_PRP$ face_NN on_IN accid_NN becaus_IN i_PRP am_VBP an_DT anim_NN, 2
and_CC i_PRP 'm_VBP not_RB even_RB home_NN, 2
true_JJ, 3
i_PRP just_RB wan_VBP na_TO be_VB success_JJ, 3
all_DT most_RBS cut_VB my_PRP$ damn_JJ finger_NN off_IN, 1
it_PRP 's_VBZ garfield_NNP, 2
pleas_VB miranda_NNP follow_VB me_PRP e_NN, 2
how_WRB i_PRP feel_VBP when_WRB i_PRP text_VBP first_JJ, 2
gari_JJ puckett_NN amp_NN the_DT union_NN gap_NN over_IN you_PRP, 2
me_PRP get_VBG up_RP tomorrow_NN, 2
i_PRP 'm_VBP that_DT friend_NN that_WDT will_MD tell_VB you_PRP to_TO move_VB on_IN, 3
woman_NN found_VBD aliv_JJ in_IN trunk_NN of_IN car_NN wa_VBD tap_VBG peopl_NNS walk_VBG heard_VBN it_PRP us_VBD brick_NN to_TO break_VB window_NN and_CC free_JJ her_PRP, 2
no_UH i_PRP fell_VBD in_IN love_NN with_IN you_PRP for_IN you_PRP, 3
sad_JJ when_WRB peopl_NNS who_WP have_VBP reach_VBN the_DT end_NN begin_VB pick_VBG on_IN other_NNS who_WP ar_VBP more_RBR intellig_JJ and_CC beauti_JJ as_IN is_VBZ the_DT case_NN of_IN had_VBD ugli_JJ g_NN greer_NN, 1
you_PRP 're_VBP disgust_JJ and_CC a_DT joke_NN of_IN a_DT human_NN, 1
so_RB can_MD i_PRP get_VBP my_PRP$ year_NN book_NN pictur_NNS alreadi_RB, 2
onli_RB kind_NN of_IN slightli_RB obsess_VBN steal_VB my_PRP$ girl_NN, 2
i_PRP 'll_MD make_VB it_PRP up_RP to_TO you_PRP i_PRP promis_VBP, 2
harri_NNP sent_VBD a_DT messag_NN to_TO the_DT varieti_NN chariti_NN foundat_NN, 2
you_PRP alreadi_RB got_VBD ta_TO see_VB me_PRP, 2
oh_UH autopsi_JJ jovan_NNP belcher_NNP had_VBD cte_NN at_IN time_NN of_IN murdersuicid_NN in_IN, 2
domowilson_NNP 's_POS video_NN, 2
want_VBP some_DT shade_NN on_IN the_DT last_JJ dai_NN love_VBP each_DT other_JJ for_IN the_DT sake_NN of_IN allah_NNP sevenundertheshad_NNP, 2
thank_NNS for_IN everyon_NN 's_POS support_NN pleas_VB keep_VB prai_VBG for_IN nikki_NNP she_PRP 's_VBZ on_CD of_IN my_PRP$ best_JJS friend_NNS and_CC i_PRP realli_RB want_VBP her_PRP to_TO come_VB back_RB, 2
i_PRP fix_VBD my_PRP$ phone_NN, 2
shout_VBZ better_JJR to_TO reign_NN in_IN hell_NN as_IN im_PRP escort_VBD from_IN the_DT bar_NN, 2
plot_NN twist_NN i_PRP said_VBD ye_UH to_TO drug_NNS, 2
dy_VBG lol_UH, 1
in_IN israel_NNP the_DT titl_NN of_IN the_DT movi_NN cloudi_JJ with_IN a_DT chanc_NN of_IN meatbal_NNS wa_VBD chang_VBN to_TO cloudi_JJ with_IN a_DT chanc_NN of_IN falafel_NN, 2
everi_DT tomorrow_NN ha_VBZ two_CD handl_NNS we_PRP can_MD take_VB hold_NN of_IN it_PRP by_IN the_DT handl_NN of_IN anxieti_NN or_CC by_IN the_DT handl_NN of_IN faith_NN unknown_JJ author_NN quot_NN, 2
follow_VB me_PRP pl_VB i_PRP love_VBP you_PRP, 3
metal_NN band_NNS underground_JJ bloodbound_NN reveal_VBZ the_DT artwork_NN of_IN their_PRP$ new_JJ album_NN stormborn_NN, 2
you_PRP should_MD check_VB out_RP thi_DT amaz_JJ comic_JJ hotblood_NN an_DT amaz_JJ comic_NN by_IN starlock_NN inkblaz_NNS, 3
sickest_JJS video_NN of_IN all_DT time_NN, 2
it_PRP work_VBZ, 2
so_RB what_WP now_RB she_PRP look_VBZ at_IN him_PRP with_IN the_DT corner_NN or_CC her_PRP$ ey_NN, 2
grind_VB for_IN what_WP you_PRP want_VBP it_PRP 's_VBZ not_RB just_RB gone_VBN come_VB to_TO your_PRP$ doorstep_NN wrap_VBD in_IN a_DT pretti_JJ box_NN, 2
man_UH i_PRP hate_VBP have_VBG a_DT life_NN and_CC be_VBG busi_JJ all_DT the_DT time_NN i_PRP do_VBP n't_RB have_VB time_NN on_IN twitter_NNP anymor_RB hope_VBP jacob_NNP still_RB love_VBZ me_PRP, 1
befor_IN you_PRP kiss_VB a_DT white_JJ girl_NN, 2
sure_RB i_PRP 'm_VBP not_RB the_DT onli_JJ on_CD that_WDT doe_VBZ thi_DT, 2
pump_VBD on_IN have_VBG a_DT sled_VBN thi_DT winter_NN, 2
i_PRP have_VBP n't_RB seen_VBN that_IN but_CC have_VBP you_PRP seen_VBN across_IN the_DT univers_NN movi_NN i_PRP, 2
week_NN of_IN our_PRP$ healthi_JJ kid_NNS run_VBG seri_NN ha_VBZ a_DT great_JJ kick_NN off_IN check_NN out_IN the_DT week_NN photo_NNS, 2
thi_DT weekend_NNS gon_VBP na_TO be_VB so_RB good_JJ, 3
the_DT tv_NN watch_NN selfi_NN a_DT to_TO z_NNP and_CC other_NNS refresh_VBP the_DT romant_JJ comedi_NN sever_JJ new_JJ network_NN comedi_NNS attempt_VBP, 2
ask_VB me_PRP guyss_NNS, 2
egypt_NN 's_POS cabinet_NN sai_VBZ it_PRP ha_VBZ no_DT oblig_NNS to_TO includ_VB women_NNS in_IN the_DT suprem_JJ committe_NN for_IN legisl_JJ reform_NN, 2
all_DT a_DT girl_NN want_VBZ is_VBZ chipotl_NN and_CC dick_NN, 2
how_WRB much_JJ doe_VBZ it_PRP suck_VB that_IN all_DT of_IN the_DT band_NNS you_PRP like_VBP seem_VB to_TO tour_NN at_IN the_DT same_JJ time_NN in_IN the_DT fall_NN cheap_JJ merch_NN amp_NN cheap_JJ ticket_NN, 1
check_VB out_RP our_PRP$ band_NN dai_NN show_NN video_NN great_JJ job_NN musician_NNS, 2
american_JJ apparel_NN hire_VBZ anoth_DT interim_NN chief_NN execut_NN new_JJ york_NN time_NNS, 2
shoutout_NN to_TO the_DT bitch_NNS who_WP hate_VBP bba_NNP we_PRP love_VBP yall_PRP too_RB, 1
should_MD i_PRP chang_VBP my_PRP$ cover_NN photo_NN to_TO twat_NN finger_NN, 2
i_PRP love_VBP the_DT entir_JJ turn_NN blue_JJ album_NN i_PRP love_VBP it_PRP so_RB much_JJ, 3
break_VBG usairstrik_NNS kill_VBN on_CD of_IN the_DT most_JJS extremist_NN cmdr_NN osman_NN salih_NN alsho'aibi_NN abo'u_NN hamza_NN on_IN kobani_NNP front_NN twitt_NN, 2
uh_UH when_WRB you_PRP come_VBG i_PRP deploi_VBP in_IN novemb_NNP, 2
so_RB edelman_NNP ha_VBZ more_JJR that_IN x_NN more_JJR reviv_VBG yard_NNS than_IN the_DT next_JJ closest_JJ receiv_NN, 2
follow_VB she_PRP 's_VBZ so_RB nice_JJ and_CC awesom_JJ, 3
the_DT fcc_NN is_VBZ consid_VBG rule_NNS that_WDT could_MD chang_VB tv_NN forev_RB, 2
that_DT 's_VBZ when_WRB you_PRP know_VBP it_PRP 's_VBZ real_JJ when_WRB he_PRP introduc_VBZ you_PRP to_TO hi_PRP$ friend_NNS and_CC he_PRP sai_VBZ thi_DT is_VBZ my_PRP$ girl_NN, 2
bitch_NN do_VBP you_PRP want_VBP a_DT free_JJ abort_NN tf_NN, 1
the_DT hal_JJ blog_NN amp_NN ms_NNP noordam_NNP were_VBD recogn_VBN for_IN excel_NN in_IN magellan_NN award_NNS t_VBP, 2
wa_VBD it_PRP someth_NN i_PRP said_VBD, 2
am_VBP i_PRP to_TO late_JJ for_IN the_DT sky_NN pic_NNS, 2
cam_NN girl_NN onlin_NN, 2
onli_RB allah_RB can_MD protect_VB us_PRP from_IN evil_JJ amulet_NNS talisman_NNS and_CC good_JJ luck_NN charm_NNS have_VBP no_DT place_NN in_IN the_DT life_NN of_IN a_DT believ_NN, 3
hater_NN u_PRP suk_VB me_PRP lol_UH block_NNS report_NNS five_CD time_NNS delet_VBZ comment_NN, 1
what_WP did_VBD i_PRP do_VBP i_PRP forgot_VBD, 2
im_PRP mute_VBG you_PRP if_IN i_PRP see_VBP spoiler_NNS, 2
or_CC delici_JJ i_PRP ai_VBP n't_RB call_VBG no_DT grown_JJ man_NN delici_JJ, 2
tpain_NN wa_VBD the_DT man_NN, 2
like_IN we_PRP did_VBD we_PRP '_'' re_NN enemi_NNS, 2
castl_NN dungeon_NN ha_VBZ been_VBN explor_VBN ar_VBP you_PRP abl_JJ to_TO reach_VB it_PRP too_RB androidandroidgamesgameinsight_JJ, 2
morningtoobigbo_UH, 2
idol_NN breath_VBZ me_PRP can_MD u_PRP not_RB idol_NN laugh_VBZ me_PRP can_MD u_PRP not_RB idol_NN sing_VBZ me_PRP can_MD u_PRP not_RB idol_NN talk_VBZ me_PRP can_MD u_PRP not_RB idol_NN, 2
everyon_NN might_MD hate_VB del_NNP zotto_NNP with_IN a_DT passion_NN but_CC i_PRP can_MD not_RB wait_VB to_TO see_VB him_PRP plai_VB thi_DT season_NN, 2
i_PRP love_VBP my_PRP$ new_JJ phone_NN, 3
fuck_VB you_PRP 're_VBP super_RB cute_JJ, 3
sit_VBG here_RB hope_VBG my_PRP$ professor_NN know_VBZ about_IN the_DT chief_NNS game_NN tonight_NN letusoutearli_RB, 2
laker_NNPS media_NNS dai_NN, 2
great_JJ now_RB i_PRP can_MD '_'' t_NN sleep_NN alreadi_RB, 3
check_VB out_RP my_PRP$ new_JJ video_NN where_WRB do_VBP you_PRP find_VBP the_DT time_NN, 2
next_JJ sundai_NN witchesofeastend_NN, 2
happi_JJ birthdai_NN pretti_RB, 3
media_NNS dai_NN is_VBZ now_RB underwai_JJ, 2
phone_NN call_NNS from_IN my_PRP$ nonna_NN ar_VBP the_DT best_JJS alwai_RB when_WRB i_PRP need_VBP them_PRP most_RBS she_PRP call_VBZ, 3
relationship_NN goal_NNS out_IN of_IN all_PDT the_DT relationship_NN goal_NN pictur_NNS thi_DT is_VBZ the_DT on_NN i_PRP wa_VBP, 2
i_PRP care_VBD about_IN on_CD person_NN and_CC it_PRP fuck_VBD me_PRP up_RP, 1
calvert_NN countri_NN life_NN vol_IN no_DT august_JJ vintag_JJ magazin_NN rare_JJ region_JJ magazin_NN, 2
search_NN pocket_NNS for_IN that_DT last_JJ fuck_NN i_PRP had_VBD to_TO give_VB nope_UH shit_NN disappear_VBN with_IN shmurder_NNS hat_NN, 1
life_NN can_MD go_VB to_TO hell_NN landon_NN, 1
broker_NNS call_VBP for_IN nonmajor_NNS to_TO find_VB point_NNS of_IN differ_NN, 2
so_RB thi_DT convo_NN that_WDT had_VBD noth_NN to_TO do_VB with_IN me_PRP gave_VBD me_PRP a_DT headach_NN, 1
amp_NN what_WP if_IN i_PRP told_VBD you_PRP to_TO yo_PRP$ face_NN that_IN yo_DT best_JJS man_NN is_VBZ yo_DT best_JJS friend_NN but_CC yo_DT best_JJS friend_NN is_VBZ my_PRP$ new_JJ man_NN, 2
follow_VB me_PRP i_PRP love_VBP uu_PRP, 2
new_JJ vine_NN is_VBZ up_RP like_IN and_CC revin_VB for_IN a_DT follow_NN comment_VB your_PRP$ twitter_NN name_NNS when_WRB you_PRP 're_VBP done_VBN so_RB i_PRP 'll_MD know_VB, 2
thi_DT link_NN will_MD lead_VB you_PRP to_TO the_DT promis_NN land_NN my_PRP$ broadcast_NN, 2
if_IN you_PRP love_VBP someon_NN in_IN ani_DT wai_NN let_VB them_PRP know_VBP now_RB if_IN you_PRP wait_VBP you_PRP mai_MD never_RB get_VB anoth_DT chanc_NN, 2
i_PRP miss_VBP you_PRP, 1
peopl_NNS follow_VBD me_PRP and_CC peopl_NNS unfollow_VBD me_PRP in_IN the_DT last_JJ dai_NN thank_VB you_PRP app_NN, 2
shame_NN on_IN gerri_NNS group_NN for_IN fire_VBG arjmund_NN husssain_NN sahib_NN if_IN he_PRP is_VBZ will_JJ to_TO work_VB in_IN real_JJ estat_NN field_NN i_PRP offer_VBP him_PRP lre_VBP job_NN, 2
but_CC i_PRP 'm_VBP gon_VBG na_MD be_VB me_PRP, 2
actual_RB i_PRP said_VBD your_PRP$ tryna_MD be_VB cute_JJ and_CC shit_NN i_PRP did_VBD n't_RB tell_VB you_PRP too_RB lol_UH, 1
close_RB ur_PRP$ mouth_NN open_JJ ur_PRP$ mind_NN, 2
nigga_NNS on_IN mauri_NN be_VB like_IN, 2
whoever_WP stole_VBD my_PRP$ wallet_NN just_RB now_RB i_PRP hope_VBP y'_PRP all_DT know_VBP that_IN there_EX is_VBZ camera_NNS in_IN the_DT hallwai_NNS and_CC we_PRP will_MD figur_VB out_RP who_WP did_VBD it_PRP but_CC good_JJ try_NN, 1
alexi_NNP raphael_NNP parti_NN plan_NN b_NN tkt_NNS free_JJ mix_NN, 2
rt_NN for_IN indirect_JJ free_JJ caus_IN bore_JJ i_PRP 'll_MD you_PRP, 2
someon_NN love_VB me_PRP, 2
is_VBZ that_IN what_WP a_DT tube_NN of_IN decent_JJ qualiti_NN lipstick_NN normal_RB cost_VBZ in_IN the_DT us_PRP, 2
mason_NNP better_RB come_VBN to_TO quebec_VB, 2
lyss_NNS ar_VBP you_PRP go_VBG to_TO be_VB cremat_VBN i_PRP want_VBP to_TO keep_VB you_PRP in_IN my_PRP$ hous_NN in_IN a_DT vase_NN, 2
great_JJ mind_NNS alwai_RB do_VBP, 3
metallica_NNP 's_POS lar_NNS ulrich_JJ '_'' oasi_NN ha_VBZ been_VBN the_DT soundtrack_NN to_TO my_PRP$ life_NN for_IN the_DT last_JJ year_NNS '_POS, 2
hi_UH can_MD you_PRP pleas_VB follow_VB my_PRP$ friend_NN, 2
my_PRP$ internet_NN is_VBZ in_IN now_RB can_MD you_PRP facetim_VBP me_PRP k_UH, 2
i_PRP hate_VBP peopl_NNS that_IN sit_VBP on_IN the_DT comput_NN all_DT dai_NN and_CC check_VB everyon_NN 's_POS spell_NN and_CC grammar_NN get_VB a_DT life_NN your_PRP$ annoi_JJ, 1
dont_VBP revers_VB the_DT order_NN first_RB fulfil_VB the_DT obligatori_JJ deed_NNS then_RB move_VB on_IN to_TO the_DT option_JJ on_NNS prioriti_NN, 2
fresh_JJ trim_NN and_CC blowout_NN hide_VB ya_PRP$ wive_NNS, 2
how_WRB to_TO get_VB over_IN him_PRP, 2
old_JJ thing_NN back_RB, 2
it_PRP 's_VBZ probabl_RB been_VBN year_NNS sinc_IN my_PRP$ father_NN left_VBD left_VBN me_PRP fatherless_NNS, 1
if_IN you_PRP 're_VBP a_DT wwe_NN fan_NN let_VB me_PRP know_VBP by_IN give_VBG me_PRP a_DT rtfav_NN tweet_NN follow_VB so_RB i_PRP can_MD follow_VB you_PRP wwechicago_JJ wwe_NN raw_JJ rawchica_NN, 2
finish_VBG gossip_NN girl_NN is_VBZ the_DT most_RBS depress_JJ thing_NN i_PRP 've_VBP ever_RB done_VBN, 1
home_NN, 2
everybodi_NN miss_VBZ you_PRP when_WRB you_PRP look_VBP good_JJ, 2
hope_VBP sn_NN, 2
hi_UH amp_NN i_PRP lost_VBD your_PRP$ follow_NN and_CC im_PRP hope_VBG that_IN you_PRP 'll_MD refollow_VB me_PRP soon_RB x_UH, 2
northwest_RB golf_NN roadstat_NNS, 2
fly_VB nigga_NN with_IN a_DT scarf_NN on_IN for_IN no_DT fuck_JJ reason_NN, 2
onlin_NN booklet_NN connect_VBZ youth_NN with_IN nonprofit_JJ volunt_NN opportun_NNS, 2
he_PRP onli_RB like_VBZ me_PRP becaus_IN i_PRP give_VBP him_PRP treat_VBZ, 2
best_JJS flavor_NN period_NN, 3
i_PRP 'm_VBP berri_NN sorri_JJ, 2
dlittl_VB secret_JJ he_PRP so_RB fuck_RB cute_JJ bbu_NN mgji_NN m_NN la_NNP red_JJ social_JJ on_CD direct_NN social_JJ net_NN, 3
state_NN suprem_JJ court_NN to_TO address_VB jail_NN overcrowd_JJ mass_NN incarcer_NN albuquerqu_NN nm_UH, 2
he_PRP ha_VBZ been_VBN my_PRP$ favorit_JJ charact_NN from_IN the_DT begin_VBG proffesor_NN snape_NN harrypott_NN, 3
what_WP happen_VBZ on_IN thi_DT storag_NN hunt_NN program_NN, 2
need_VBP idea_NNS for_IN dinner_NN, 2
bruh_NN last_JJ retweet_NN is_VBZ me_PRP, 2
okai_UH hannib_NNP save_VB the_DT best_JJS for_IN last_JJ i_PRP guess_VBP, 2
wonder_VBG how_WRB to_TO grow_VB on_IN twitter_NNP i_PRP gain_VBD follow_NN in_IN the_DT past_JJ dai_NN thi_DT is_VBZ the_DT app_NN, 2
sheepish_NN snif_VBG, 2
that_DT 's_VBZ why_WRB i_PRP wa_VBD gon_VBG na_TO c_VB u_PRP i_PRP 'm_VBP like_IN why_WRB the_DT hell_NN he_PRP be_VBG a_DT creep_NN lm_NN aooo_IN you_PRP want_VBP me_PRP to_TO be_VB a_DT creep_NN soo_RB bad_JJ, 1
everybodi_NN got_VBD a_DT stori_NN to_TO tell_VB, 2
well_UH i_PRP am_VBP a_DT funni_JJ person_NN, 2
the_DT koch_NNS the_DT greatest_JJS american_JJ crimin_NNS of_IN the_DT last_JJ centuri_NN via_IN, 2
benedict_NN cumberbatch_NN doe_VBZ n't_RB deserv_VB an_DT oscar_NN, 2
i_PRP bet_VBP you_PRP if_IN she_PRP smile_VBD right_RB now_RB she_PRP 'd_MD sound_VB like_IN a_DT bag_NN of_IN cool_JJ ranch_NN dorito_NNS rip_VBG open_JJ, 2
seriou_JJ, 2
aww_UH blush_NN xx_UH, 2
taco_NN bell_NN amp_NN plai_VB station_NN team_NN to_TO give_VB awai_RB over_IN pss_NNS again_RB pslifestyl_VB, 2
tip_NN close_JJ window_NNS to_TO avoid_VB let_VBG the_DT wifi_NN, 2
job_NN alert_NNS get_VB new_JJ job_NNS in_IN new_JJ york_NN by_IN email_NN, 2
dream_VBG can_MD not_RB live_VB up_RP to_TO the_DT actual_JJ feel_NN or_CC realiti_NN, 2
but_CC then_RB you_PRP get_VBP to_TO see_VB me_PRP, 2
i_PRP lose_VBP all_DT respect_NN for_IN you_PRP after_IN you_PRP talk_VBP down_RP to_TO a_DT girl_NN that_IN us_VBN to_TO mean_VB everyth_NN to_TO you_PRP, 1
who_WP tf_NN is_VBZ bria_NNP i_PRP wa_VBD so_RB on_IN to_TO you_PRP who_WP is_VBZ bria_NNP, 2
nah_UH keep_VB that_DT pussi_NN, 2
to_TO win_VB kontrol_NN freek_JJ specter_NNS must_MD follow_VB and_CC to_TO win_VB four_CD winner_NNS announc_VBD fridai_NNP, 2
after_IN a_DT long_JJ break_NN i_PRP am_VBP final_RB abl_JJ to_TO give_VB blood_NN again_RB i_PRP 've_VBP had_VBN all_DT my_PRP$ vaccin_NNS so_RB can_MD now_RB book_VB myself_PRP in_IN, 2
all_DT i_PRP want_VBP is_VBZ you_PRP s_VBP, 2
ha_UH ha_UH togeth_RB you_PRP will_MD be_VB green_JJ, 2
leg_NNS dead_JJ af_NN, 2
when_WRB will_MD you_PRP be_VB back_RB, 2
'_'' ti_VBZ the_DT season_NN friend_NNS bring_VBP on_IN octob_NNP what_WP a_DT festiv_JJ time_NN of_IN year_NN pandora_NNP, 2
dundro_NN can_MD lick_VB my_PRP$ dick_NN, 2
sorri_JJ for_IN the_DT next_JJ few_JJ post_NNS, 2
hope_VBP for_IN the_DT futur_JJ hope_NN for_IN the_DT best_JJS, 2
workout_NN health_NN how_WRB to_TO lose_VB weight_NN to_TO gain_VB ab_NN beauti_NN diet_NN, 2
thi_DT dog_NN is_VBZ cuter_JJR than_IN i_PRP 'll_MD ever_RB be_VB, 2
i_PRP 'm_VBP weak_JJ asf_NNS, 2
when_WRB you_PRP get_VBP invit_VBN to_TO a_DT parti_NN, 2
respons_JJ web_NN marketinghf_NN, 2
dick_NN sport_NN good_NNS releas_VBD their_PRP$ top_JJ sell_NN nfl_NN team_NN jersei_NN 's_POS by_IN state_NN, 2
how_WRB 's_POS colleg_NN go_VBG, 2
i_PRP got_VBD point_NNS while_IN escap_VBG from_IN a_DT giant_JJ demon_NN monkei_NN beat_VB that_DT, 2
i_PRP am_VBP the_DT head_NN never_RB the_DT tail_NN abov_IN never_RB beneath_IN, 2
amaz_JJ book_NN love_VBG peep_NNS follow_VB, 2
am_VBP is_VBZ the_DT most_RBS common_JJ time_NN to_TO wake_VB up_RP in_IN the_DT middl_NN of_IN the_DT night_NN, 2
your_PRP$ opinion_NN of_IN me_PRP is_VBZ highli_RB irrelev_JJ, 1
whatsup_UH, 2
enjoi_VBD i_PRP `_`` view_NN of_IN david_NNP cameron_NNP on_IN newsnight_NN immens_RB wa_VBD so_RB tire_JJ of_IN aggro_JJ question_JJ amp_NN curtail_VBN answer_NNS, 2
them_PRP ppl_NNS who_WP quot_VBP you_PRP with_IN pic_NNS like_IN ohhh_UH u_PRP smoke_VBP weed_NN ur_PRP$ so_RB cool_JJ lol_UH nobodi_NN ask_VBD for_IN ur_PRP$ opinion_NN nigga_NN u_PRP ca_MD n't_RB tweet_VB, 2
interest_JJ report_NN on_IN tobacco_NN industri_NN from_IN four_CD corner_NNS look_VBG forward_RB to_TO nd_CC part_NN quit_VBP quitlin_NN, 2
i_PRP 'm_VBP so_RB hungri_JJ, 1
my_PRP$ bad_JJ in_IN the_DT hood_NN we_PRP onli_RB have_VBP gangsta_NN music_NN and_CC oldi_NNS, 2
dirti_JJ south_NN unbreak_JJ elephant_NN remix_NN you_PRP tube_NN, 2
see_VB track_NNS think_VBP train_NN bnsf_NN stayoffthetrack_VBZ st_NNP arlington_NNP lion_NNS, 2
entri_NN for_IN sima_NN imag_NN award_NNS is_VBZ now_RB open_JJ detail_NNS, 2
the_DT car_NN is_VBZ backkkk_RB, 2
we_PRP have_VBP to_TO agre_VB on_IN a_DT time_NN instead_RB of_IN go_VBG back_RB on_IN our_PRP$ word_NN like_IN we_PRP alwai_RB do_VBP, 2
count_VBG down_RP the_DT dai_NNS until_IN januari_NNP accept_NN round_NN, 2
roonei_NNP not_RB bad_JJ for_IN a_DT support_VBG striker_NN, 3
when_WRB ur_PRP$ alreadi_RB have_VBG a_DT bad_JJ dai_NN and_CC then_RB someon_NN u_PRP hate_VBP tri_VBZ talk_VBG to_TO u_PRP, 1
so_RB pretti_RB, 3
media_NNS dai_NN is_VBZ now_RB underwai_JJ, 2
beauti_NN tip_NNS amp_NN deal_NNS dr_NNP ci_NNP labo_NNP herbal_JJ gel_NN o_IN oxygen_NN charg_NN g_NN oz_NN skincar_NN, 2
listen_VB to_TO thi_DT while_NN stare_VBG thi_DT, 2
lrt_NN is_VBZ so_RB accur_JJ i_PRP 'm_VBP never_RB the_DT on_CD to_TO give_VB up_RP so_RB easili_RB until_IN i_PRP had_VBD enough_RB, 2
just_RB ca_MD n't_RB wait_VB to_TO get_VB my_PRP$ new_JJ phone_NN thi_DT on_NN is_VBZ kill_VBG me_PRP, 1
everi_DT game_NN count_VBZ everi_DT fan_NN count_VBZ show_VB your_PRP$ stripe_NNS, 2
do_VBP n't_RB regret_VB anyth_NN becaus_IN at_IN on_CD point_NN it_PRP wa_VBD exactli_RB what_WP you_PRP want_VBD, 2
i_PRP 'm_VBP bore_VBN, 1
if_IN a_DT girl_NN doe_VBZ n't_RB have_VB a_DT big_JJ ass_NN or_CC boob_NNS gui_NNS act_VBP like_IN she_PRP undat_JJ gui_NNS ar_VBP lucki_JJ we_PRP ca_MD n't_RB see_VB the_DT size_NN of_IN their_PRP$, 2
you_PRP should_MD see_VB that_DT, 2
well_UH that_DT is_VBZ n't_RB my_PRP$ problem_NN aj_NNP, 2
girl_NNS that_WDT call_VBP there_RB friend_NNS out_IN on_IN thing_NNS in_IN front_NN of_IN boi_NNS to_TO make_VB themselv_PRP look_VBP better_RBR ar_VBP my_PRP$ least_JJS favorit_JJ peop_NN, 2
we_PRP need_VBP khilafah_NN not_RB democraci_NN and_CC liber_JJ capit_NN follow_VB indonesia_NN congress_NN of_IN muslim_JJ student_NNS okt_UH, 2
i_PRP do_VBP n't_RB think_VB anyon_NN understand_VBZ how_WRB jealou_JJ i_PRP am_VBP at_IN peopl_NNS that_IN get_VB to_TO see_VB on_IN a_DT daili_JJ basi_NN i_PRP hella_RB miss_VBP he_PRP, 2
there_VBZ a_DT few_JJ reason_NNS few_JJ y_WRB drake_NNP is_VBZ the_DT best_JJS in_IN my_PRP$ opinion_NN main_JJ is_VBZ that_IN he_PRP ha_VBZ no_DT box_NN amp_NN no_DT bubbl_NN he_PRP never_RB confin_VBN hims_NN, 2
liter_RB, 2
everyth_NN is_VBZ funnier_JJ when_WRB you_PRP 're_VBP with_IN your_PRP$ bestfriend_NNS lt_NNP, 3
first_JJ crush_NN benni_NN the_DT jet_NN rodriguez_NNP, 2
call_VB me_PRP old_JJ fashion_VBN but_CC i_PRP would_MD rather_RB hear_VB your_PRP$ voic_NN than_IN read_VB your_PRP$ text_NN, 2
in_IN desper_JJ need_NN of_IN a_DT milkshak_NN right_RB now_RB, 2
happi_JJ birthdai_NN to_TO the_DT coolest_JJS aunt_NN out_IN there_RB octomom_UH, 3
i_PRP like_VBP them_PRP both_DT equal_RB, 3
i_PRP post_VBD a_DT new_JJ photo_NN to_TO facebook_NNP, 2
ar_VBP these_DT cooki_NNS cooki_NNS, 2
haha_UH kenni_NNP even_RB im_PRP proud_JJ, 2
it_PRP 's_VBZ onli_RB right_RB fuck_VB it_PRP up_RP best_JJS, 2
anoth_DT terribl_JJ week_NN ahead_RB of_IN me_PRP, 1
i_PRP hate_VBP the_DT idea_NN of_IN anyon_NN els_RB have_VBG you_PRP, 1
all_DT these_DT largo_JJ peopl_NNS i_PRP follow_VBP nobodi_NN know_VBZ wtf_UH, 2
daili_JJ remind_NN that_IN your_PRP$ fan_NNS in_IN argentina_NNP love_VBP you_PRP gui_NNS lt_NNP son_NN genial_NNS, 2
when_WRB you_PRP 're_VBP high_JJ af_NN at_IN the_DT school_NN game_NN, 2
ye_UH and_CC callum_NN and_CC michael_NNP but_CC not_RB ashton_NNP, 2
media_NNS dai_NN is_VBZ now_RB underwai_JJ, 2
you_PRP left_VBD two_CD quarter_NNS for_IN me_PRP thank_NNS for_IN feel_VBG gener_JJ and_CC let_VB me_PRP get_VBP a_DT cooki_NN at_IN lunch_NN, 2
thi_DT week_NN on_IN twitter_NNP no_DT new_JJ follow_NNS via_IN, 2
just_RB meant_VBD to_TO star_VB your_PRP$ tweet_NN but_CC my_PRP$ finger_NN slip_VBD amp_NN i_PRP end_VBD up_RP star_VBG it_PRP retweet_VBG amp_NN show_VBG up_RP at_IN your_PRP$ front_NN doo_NN, 2
atamp_NN ts_NNS congest_NN magic_RB disappear_VBZ when_WRB it_PRP$ sign_VBG up_RP new_JJ custom_NNS, 2
good_JJ bye_UH my_PRP$ lover_NN good_JJ bye_UH my_PRP$ friend_NN, 2
new_JJ vine_NN is_VBZ up_RP like_IN and_CC revin_VB for_IN a_DT follow_NN comment_VB your_PRP$ twitter_NN name_NNS when_WRB you_PRP 're_VBP done_VBN so_RB i_PRP 'll_MD know_VB, 2
when_WRB i_PRP see_VBP your_PRP$ face_NN there_EX 's_VBZ not_RB a_DT thing_NN that_IN i_PRP would_MD chang_VB caus_IN your_PRP$ amaz_JJ just_RB the_DT wai_NN you_PRP ar_VBP, 3
wtf_UH why_WRB ar_VBP you_PRP so_RB hot_JJ, 3
if_IN your_PRP$ ass_NN onli_RB in_IN the_DT th_DT or_CC th_DT tell_VB the_DT truth_NN, 2
the_DT fcc_NN is_VBZ consid_VBG rule_NNS that_WDT could_MD chang_VB tv_NN forev_RB the_DT feder_JJ commun_NNS commiss_NN, 2
i_PRP just_RB wan_VBP na_TO wipe_VB him_PRP awai_RB from_IN my_PRP$ life_NN, 2
hi_UH miranda_NNP pleas_VB follow_VB me_PRP ilysm_NN babi_NN, 2
funni_JJ becaus_IN paramor_NN had_VBD a_DT lawsuit_NN against_IN them_PRP for_IN rip_VBG off_RP the_DT onli_JJ except_NN from_IN an_DT unknown_JJ band_NN but_CC, 2
smile_VBP you_PRP deserv_VBP it_PRP i_PRP promis_VBP, 3
how_WRB els_RB ar_VBP you_PRP suppos_VBN to_TO look_VB how_WRB of_IN you_PRP nigga_NNS look_VBP in_IN a_DT bucket_NN hat_NN, 2
save_VB the_DT date_NN octob_NNP, 2
ok_UH haha_UH is_VBZ a_DT lot_NN i_PRP just_RB threw_VBD a_DT number_NN out_IN there_RB i_PRP do_VBP n't_RB want_VB yall_PRP to_TO wait_VB all_DT dai_NN i_PRP 'll_MD be_VB home_RB soon_RB and_CC then_RB i_PRP '_'' l_UH, 2
ok_UH got_VBD it_PRP min_NN, 2
have_VBP you_PRP seen_VBN the_DT offici_JJ teaser_NN for_IN heartfuckinghurt_NNS ca_MD n't_RB wait_VB for_IN you_PRP gui_NNS to_TO see_VB the_DT offici_NN, 2
more_JJR dai_NNS until_IN christma_NNP, 2
steal_VB my_PRP$ girl_NN is_VBZ in_IN countri_NNS the_DT whole_JJ fandom_NN rn_NN the_DT dfandom_NN slai_VBZ, 2
new_JJ phone_NN so_IN text_VB me_PRP with_IN your_PRP$ name_NN and_CC number_NN caus_IN i_PRP do_VBP n't_RB have_VB ani_DT contact_NNS, 2
off_IN to_TO school_NN, 2
do_VBP n't_RB try_VB to_TO act_VB like_IN i_PRP 'm_VBP some_DT kind_NN of_IN fool_NN becaus_IN girl_NN i_PRP bet_VBP i_PRP can_MD educ_VB you_PRP team_NN big_JJ head_NN ctfu_UH, 2
music_NN meet_VB so_NNP if_IN u_PRP see_VBP thi_DT pl_NN rt_VBZ it_PRP 's_VBZ mine_PRP and_CC entri_NN by_IN rt_NN `_`` ing_VBG u_PRP will_MD help_VB us_PRP meet_VB so_NNS, 2
class_NN is_VBZ not_RB someth_NN i_PRP 'm_VBP look_VBG forward_RB to_TO right_RB now_RB, 2
cal_NNP l_VB me_PRP noona_RB again_RB mo_NNP a_DT ns_NNP, 2
by_IN choos_VBG a_DT good_JJ spous_NN you_PRP will_MD be_VB rear_VBG your_PRP$ children_NNS well_RB befor_IN their_PRP$ birth_NN marriag_NN life_NN lesson_NNS, 2
that_DT made_VBD me_PRP mad_JJ asf_NNS like_IN nobodi_NN wan_VBP na_TO hear_VB your_PRP$ sob_VB stori_NN stfu_UH, 1
phew_UH todai_NN wa_VBD a_DT long_JJ dai_NN buse_NNS and_CC a_DT train_NN weee_NN, 2
why_WRB pai_VBP more_JJR qualiti_NN amp_NN depend_JJ cymbalum_NN fast_JJ deliveri_NN bui_NN now_RB cymbalum_UH, 2
i_PRP 'm_VBP so_RB tire_JJ im_PRP gon_VBG na_MD fuck_VB collaps_NN in_IN a_DT heap_NN nd_CC die_VB mayb_RB, 1
bel_FW heir_NN kiss_VB the_DT devil_NN remix_NN, 2
aw_UH i_PRP did_VBD n't_RB know_VB thei_PRP were_VBD separ_JJ lpbw_UH, 2
it_PRP get_VBZ a_DT littl_JJ crazi_JJ in_IN tonight_NN 's_POS new_JJ austin_NNP and_CC alli_NN head_NN 's_POS upget_NN it_PRP on_CD of_IN the_DT best_JJS pun_NNS iever_RB made_VBD, 2
who_WP rememb_VBZ make_VBG websit_NNS on_IN tripod_JJ geociti_NNS or_CC angelfir_NN, 2
chri_NNP martin_NNP ride_VBZ the_DT rollercoast_NN with_IN daughter_NN appl_NN and_CC son_NN mose_NNS in_IN santa_NNP monica_NNP, 2
some_DT peopl_NNS ar_VBP onli_RB hot_JJ becaus_IN thei_PRP 're_VBP funni_JJ, 3
miss_VB you_PRP too_RB boo_NN, 1
sica_UH leav_VBG sm_NN did_VBD sm_NN kick_VB her_PRP out_RP or_CC it_PRP$ her_PRP$ decis_NN to_TO leav_VB can_MD someon_NN tweet_VB me_PRP the_DT link_NN of_IN her_PRP$ weibo_NN updat_NN i_PRP 'm_VBP curiou_JJ, 2
teen_NN in_IN variou_JJ tight_NNS get_VBZ fuck_VBN and_CC cum_VB teen_JJ porn_NN video_NN xxx_JJ pussi_NN sex_NN free_JJ, 2
bad_JJ invest_NN, 1
i_PRP hate_VBP you_PRP so_RB much_JJ, 1
when_WRB your_PRP$ favorit_JJ teacher_NN yell_VBZ at_IN you_PRP, 2
to_TO you_PRP and_CC to_TO us_PRP wear_VBP harmon_NNS i_PRP found_VBD these_DT pictur_NNS '_POS proud_JJ, 2
stai_VBG till_IN thursdai_NNP, 2
an_DT electron_JJ revolut_NN in_IN the_DT doctor_NN 's_POS bag_NN, 2
real_JJ over_IN fake_JJ never_RB trust_VB a_DT snake_NN, 2
the_DT godli_JJ care_NN for_IN their_PRP$ anim_NNS but_CC the_DT wick_JJ ar_VBP alwai_RB cruel_JJ, 2
true_JJ definit_NN of_IN attent_NN seeker_NN, 2
sum_DT peopl_NNS ar_VBP juss_RB to_TO fckin_JJ lame_JJ, 2
hi_PRP$ hair_NN is_VBZ dark_JJ again_RB, 2
i_PRP just_RB wan_VBP na_TO go_VB to_TO bed_NN at_IN thi_DT point_NN tbh_NN, 2
i_PRP swear_VBP all_DT thei_PRP know_VBP is_VBZ slai_NN, 2
want_VBP to_TO go_VB to_TO paradis_NN watch_VB thi_DT video_NN to_TO learn_VB how_WRB to_TO get_VB there_RB, 2
i_PRP hate_VBP that_IN i_PRP alwai_RB look_VB at_IN the_DT neg_JJ in_IN thing_NNS for_IN self_NN secur_NN bcu_VBZ it_PRP keep_VBZ me_PRP from_IN do_VBG what_WP deep_JJ down_IN insid_NN, 1
good_JJ vibe_NNS onli_RB, 2
guh_NN i_PRP wa_VBD type_VBG fast_RB lol_UH my_PRP$ bad_JJ but_CC you_PRP got_VBD a_DT phone_NN yet_RB, 2
i_PRP realli_RB wish_VBP senior_JJ year_NN could_MD becom_VB more_RBR excit_JJ becaus_IN honestli_RB thi_DT year_NN is_VBZ becom_VBG such_JJ a_DT pain_NN in_IN the_DT ass_NN with_IN sc_NNP, 2
when_WRB you_PRP and_CC your_PRP$ best_JJS friend_NN sai_VBP the_DT same_JJ thing_NN at_IN the_DT same_JJ time_NN us_PRP la_NNP, 2
daili_JJ mail_NN willian_JJ i_PRP feel_VBP i_PRP have_VBP kill_VB a_DT lion_NN everi_DT time_NN i_PRP wear_VBP a_DT chelsea_NNP shirt_NN to_TO prove_VB myself_PRP, 2
hei_UH therew_NNP hope_VBP you_PRP had_VBD a_DT gr_NN dai_NN but_CC if_IN notw_JJ offer_NN thi_DT and_CC we_PRP ar_VBP, 2
schedul_NN dai_NN at_IN pfw_NNP ss_VBZ fashion_NN moda_NN trend_NNS runwai_NN show_NN parisfashionweek_NN pari_NNP, 2
a_DT veri_RB clean_JJ sl_NNS by_IN merced_NNP sl_NNP amg_NNP slsamg_NNP v_NNP supercar_NN hypercar_NN fastcar_NN car_NN insta_NN, 2
miranda_NNP lambert_NNP the_DT hous_NN that_IN built_VBN me_PRP, 2
you_PRP heard_VBD thi_DT befor_IN, 2
some_DT failur_NNS onli_RB come_VB to_TO teach_VB you_PRP the_DT art_NN of_IN patienc_NN donald_NNP duck_NN, 2
chanc_NN to_TO win_VB gift_NN card_NN a_DT winner_NN everi_DT month_NN richmond_JJ northvan_NN vancouv_NN still_RB time_NN to_TO win_VB, 2
most_JJS girl_NNS will_MD never_RB tell_VB you_PRP how_WRB thei_PRP 're_VBP feel_VBG but_CC thei_PRP 'll_MD tweet_VB the_DT hell_NN out_IN of_IN it_PRP, 2
imma_PRP call_VB you_PRP up_RP so_IN you_PRP can_MD help_VB me_PRP out_RP, 2
i_PRP will_MD not_RB allow_VB an_DT angri_JJ parent_NN email_NN or_CC a_DT more_RBR thing_NNS ine_VBD to_TO do_VB email_NN to_TO ruin_VB my_PRP$ night_NN edtspark_VBZ, 1
i_PRP love_VBP how_WRB you_PRP and_CC can_MD cook_VB and_CC bake_VB thing_NNS in_IN your_PRP$ kitchen_NNS at_IN the_DT same_JJ time_NN blow_VBZ my_PRP$ mind_NN, 2
canadian_JJ wrap_NN up_RP video_NN of_IN indigen_JJ and_CC tarsand_NNS activist_NNS at_IN peopl_NNS clim_VBP, 2
you_PRP cant_MD just_RB come_VB into_IN someon_PRP$ life_NN make_VB them_PRP feel_VBP special_JJ and_CC then_RB leav_VB, 2
f_NN uck_UH me_PRP, 1
nice_JJ leg_NNS turn_VBP on_IN, 2
final_RB beddd_NNS, 2
you_PRP know_VBP you_PRP realli_RB love_VBP someon_NN when_WRB you_PRP do_VBP n't_RB even_RB hate_VBP them_PRP for_IN break_VBG your_PRP$ heart_NN, 2
second_JJ ceremoni_NN mr_NNP cloonei_NNP outshin_VBZ new_JJ hubbi_NN, 2
yo_UH who_WP rememb_VBZ flat_JJ stanlei_NN, 2
with_IN gamer_NN gate_NN go_VBG on_IN i_PRP 'm_VBP happi_JJ that_IN will_MD us_VB integr_NN in_IN their_PRP$ journal_NN take_VB note_NNS, 2
on_IN god_NNP, 2
happi_NN doe_VBZ n't_RB depend_VB on_IN ani_DT extern_JJ condit_NNS it_PRP is_VBZ govern_VBN by_IN our_PRP$ mental_JJ attitud_NN, 2
openfollow_NN for_IN rp_NN singl_JJ, 2
i_PRP fuck_RB hate_VBP a_DT person_NN that_IN like_VBZ to_TO bring_VB up_RP what_WP thei_PRP do_VBP did_VBD for_IN you_PRP, 1
joseph_NNP fauria_NNP sai_VBZ he_PRP hurt_VBD himself_PRP try_VBG to_TO stop_VB hi_PRP$ puppi_NN from_IN pee_VBG in_IN the_DT hous_NN also_RB hi_PRP$ puppi_NN is_VBZ ador_JJ, 2
if_IN crewi_NN doe_VBZ n't_RB accept_VB mari_NNP im_PRP gona_MD be_VB piss_JJ that_IN applic_NN wa_VBD solid_JJ, 2
you_PRP might_MD not_RB like_IN obama_NNP but_CC thi_DT is_VBZ badass_JJ merica_NNP, 1
fuck_VB ye_UH, 3
in_IN in_IN japan_NNP `_`` bushusuru_NN '_'' liter_RB `_`` to_TO bush_NNP '_'' becam_VBD slang_NN for_IN `_`` to_TO vomit_VB '_'' after_IN georg_NNP bush_NNP sr_NNP vomit_VBD in_IN the_DT japanes_JJ, 2
thi_DT is_VBZ how_WRB it_PRP happen_VBZ i_PRP can_MD see_VB it_PRP, 2
thi_DT littl_JJ light_NN of_IN mine_PRP i_PRP 'm_VBP go_VBG to_TO let_VB it_PRP shine_VBP thi_DT littl_JJ light_NN of_IN mine_PRP i_PRP 'm_VBP go_VBG to_TO let_VB it_PRP shine_VBP thi_DT, 2
fuck_VB sake_NNS, 1
out_IN a_DT pocket_NN by_IN icei_JJ flirti_NN amp_NN mark_NN millz_NN by_IN laf_NNP unit_NN icei_NN flirti_NN, 2
do_VBP you_PRP have_VBP a_DT facebook_NNP, 2
missin_VBG lacross_NN like_IN crazi_JJ right_RB now_RB, 2
ok_UH send_VBG a_DT troubleshoot_NN link_NN do_VBP n't_RB forget_VB to_TO chang_VB the_DT devic_NN to_TO what_WP you_PRP us_VBP chari_NNP w_IN, 2
either_DT wai_NN he_PRP wa_VBD onli_RB abl_JJ to_TO rais_VB befor_IN look_VB for_IN white_JJ supremaci_NN to_TO hold_VB a_DT kickstart_NN for_IN him_PRP thi_DT time_NN, 2
so_IN you_PRP not_RB hoop_VBG lol_UH, 2
and_CC if_IN you_PRP ar_VBP go_VBG through_IN ani_DT hardship_NN know_VB that_DT allah_NN truli_RB valu_VBZ who_WP you_PRP ar_VBP, 2
happi_JJ birthdai_NN my_PRP$ brother_NN i_PRP love_VBP you_PRP, 3
a_DT brandi_NN a_DT tara_NN d_NN maddi_NN d_NN lex_NNP d_SYM britt_NN d_NN fayth_NN d_NN kyli_NN d_NN majo_NN d_NN abbi_JJ e_NN bea_NN e_NN dani_NN e_NN brianna_NNP, 2
tbh_NN i_PRP am_VBP, 2
rt_NN if_IN ur_PRP$ proud_JJ, 2
never_RB underestim_VBP the_DT power_NN of_IN the_DT fitz_NN beard_NN week_NN pregam_NN speech_NN epic_NN mustse_NN, 2
gucci_NNP mane_NN is_VBZ drop_VBG album_NNS from_IN jail_NN but_CC you_PRP cant_MD text_VB back_RB, 2
r_VBP we_PRP the_DT same_JJ person_NN, 2
come_VB on_IN can_MD florida_NNP 's_POS weather_NN drop_NN degre_NNS and_CC get_VB rid_JJ of_IN the_DT humid_NN, 2
side_NN nigga_NN, 2
weight_NN loss_NN manag_NN do_VBP you_PRP want_VBP to_TO lose_VB weight_NN but_CC have_VBP no_DT idea_NN how_WRB to_TO manag_VB your_PRP$ weight_NN loss_NN goal_NNS, 2
make_VBG up_RP thing_NNS like_IN nation_JJ coffe_NN dai_NN, 2
pet_NN gift_NNS dog_NN gift_NNS gift_NNS for_IN dog_NN lover_NNS person_JJ pet_NN gift_NN word_NNS with_IN board_NNS, 2
just_RB post_VBD a_DT photo_NN, 2
amaz_JJ bathroom_NN, 3
ignor_VB me_PRP ok_UH that_DT 's_BES cool_JJ just_RB do_VBP n't_RB be_VB mad_JJ when_WRB i_PRP do_VBP it_PRP, 1
happi_JJ birthdai_NN love_VB youu_PRP, 3
u_PRP sure_JJ, 2
lol_UH thank_NNS champ_NN i_PRP love_VBP you_PRP, 3
ight_UH fuck_VB it_PRP ima_PRP my_PRP$ space_NN u_PRP my_PRP$ number_NN all_DT homo_NN tryna_MD see_VB what_WP that_DT white_JJ girl_NN be_VB like_IN yaaaa_PRP meannnnn_UH, 2
you_PRP didn_VBG '_'' t_NN learn_VB, 1
current_JJ mood_NN, 2
c_NN can_MD u_PRP share_VB your_PRP$ gold_NN with_IN me_PRP, 2
hei_UH thi_DT wa_VBD a_DT subtweet_NN to_TO you_PRP tbh_NN, 2
i_PRP need_VBP me_PRP a_DT just_RB alicia_NN hha_UH, 2
natur_RB hungri_JJ oss_UH, 1
i_PRP realli_RB love_VBP ur_PRP$ voic_NNS thei_PRP ar_VBP differ_JJ and_CC special_JJ i_PRP love_VBP it_PRP pleas_VB follow_VB me_PRP u_PRP gui_NNS ar_VBP on_CD of_IN my_PRP$ favorit_NNS, 3
that_DT 's_VBZ flaw_NN bra_NN, 2
somebodi_NN tell_VB him_PRP bomb_NN peopl_NNS is_VBZ like_IN umm_UH murder_NN esp_RB when_WRB thei_PRP thousand_NNS of_IN mile_NNS awai_RB, 1
i_PRP 'd_MD ask_VB her_PRP why_WRB her_PRP$ parent_NNS name_VBD her_PRP, 2
i_PRP 've_VBP been_VBN listen_VBG sinc_IN yesterdai_NN so_RB shush_UH child_NN, 2
myview_RB much_JJ need_VBN after_IN a_DT long_JJ dai_NNS work_VBP me_PRP, 2
when_WRB you_PRP high_JJ at_IN a_DT parti_NN and_CC you_PRP pass_VBP a_DT mirror_NN, 2
i_PRP feel_VBP thi_DT tweet_NN, 2
and_CC b_VB myself_PRP thank_VB you_PRP all_DT for_IN everythin_NN an_DT stand_NN by_IN us_PRP we_PRP realli_RB ar_VBP, 2
who_WP now_RB lol_UH, 2
's_POS and_CC i_PRP 'm_VBP on_IN top_NN of_IN da_DT, 2
aww_UH that_DT 's_VBZ so_RB cute_JJ, 3
my_PRP$ pride_NN wo_MD n't_RB let_VB me_PRP cry_VBP, 1
when_WRB i_PRP tell_VBP peopl_NNS my_PRP$ ag_NN thei_PRP look_VBP at_IN me_PRP like_IN, 2
hei_UH my_PRP$ dear_NN you_PRP could_MD follow_VB me_PRP i_PRP love_VBP you_PRP so_RB much_JJ, 3
just_RB becaus_IN you_PRP ar_VBP n't_RB the_DT patient_NN at_IN a_DT hospit_NN doe_VBZ n't_RB mean_VB you_PRP should_MD n't_RB contribut_VB to_TO the_DT smokefre_JJ environ_NN keep_VB your_PRP$ lung_NNS clean_JJ, 2
rock_NN '_'' n_CC '_'' roll_VB children_NNS, 2
we_PRP share_VBP birthdai_NNS boom_NN, 2
ha_VBZ it_PRP gone_VBN, 2
mlp_UH diego_NNP, 2
strateg_JJ innov_NN planner_NN beverag_NNS north_RB america_NNP need_VBN in_IN englewood_NN cliff_NNS appli_VBP now_RB at_IN unilev_NN job_NN, 2
life_NN might_MD not_RB be_VB work_VBG out_RP for_IN me_PRP right_RB now_RB but_CC those_DT littl_JJ daili_RB burst_VBZ of_IN ecstat_JJ happi_NN keep_VBZ me_PRP go_VBG, 2
i_PRP did_VBD, 2
ok_UH haha_UH is_VBZ a_DT lot_NN i_PRP just_RB threw_VBD a_DT number_NN out_IN there_RB i_PRP do_VBP n't_RB want_VB yall_PRP to_TO wait_VB all_DT dai_NN i_PRP 'll_MD be_VB home_RB soon_RB and_CC then_RB i_PRP '_'' l_UH, 2
gui_NNS a_DT big_JJ shoutout_NN for_IN she_PRP is_VBZ awesom_JJ and_CC you_PRP gui_NNS should_MD follow_VB her_PRP thi_DT is_VBZ for_IN u_PRP bud_NN, 2
she_PRP 's_VBZ not_RB the_DT brightest_JJS bulb_NN in_IN the_DT litter_NN shitkianasai_NNS, 2
such_JJ a_DT nice_JJ raini_JJ dai_NN in_IN colorado_NNP nice_JJ for_IN a_DT chang_NN tire_JJ of_IN degre_NN weather_NN, 3
listen_VBZ to_TO taylor_NNP swift_NNP onc_RB, 2
pocket_NN solar_JJ energydriven_NN process_NN could_MD revolution_VB oil_NN sand_NNS tail_NNS reclam_NN, 2
what_WP other_NNS sai_VBP war_NN in_IN syria_NNP put_VBZ us_PRP in_IN uncomfort_JJ posit_NN, 1
like_IN when_WRB is_VBZ my_PRP$ knowledg_NN of_IN subjectverb_NN agreement_NN realli_RB go_VBG to_TO come_VB in_IN handi_JJ in_IN a_DT real_JJ world_NN situatio_NN, 2
we_PRP ar_VBP excit_JJ to_TO announc_VB that_DT will_MD be_VB our_PRP$ featur_JJ perform_NN at_IN our_PRP$ dinner_NN bui_VB tix_NNS here_RB, 2
the_DT friendliest_JJS peopl_NNS in_IN the_DT world_NN ar_VBP in_IN central_JJ asia_NN make_VB your_PRP$ plan_NNS to_TO visit_VB us_PRP now_RB, 2
idol_NN doe_VBZ follow_VB spree_NN follow_VBZ egg_NNS and_CC random_JJ girl_NNS everyon_NN, 2
someon_NN bui_VB thi_DT babi_NN owl_NN and_CC i_PRP 'll_MD love_VB you_PRP forev_RB, 3
new_NN just_RB click_VB thi_DT link_NN you_PRP will_MD know_VB how_WRB to_TO get_VB twitter_NNP follow_NNS dai_NN here_RB, 2
quoteofth_NN dai_NN the_DT true_JJ work_NN of_IN art_NN is_VBZ but_CC a_DT shadow_NN of_IN the_DT divin_JJ perfect_NN quot_NN michelangelo_NN, 2
oh_UH i_PRP rememb_VBP now_RB i_PRP think_VBP i_PRP need_VBP to_TO rewatch_VB break_VBG bad_JJ, 2
retweet_VB if_IN you_PRP want_VBP me_PRP to_TO releas_VB a_DT littl_JJ preview_NN of_IN my_PRP$ new_JJ song_NN nobodi_NN so_IN you_PRP can_MD get_VB a_DT tast_NN of_IN how_WRB it_PRP sound_VBZ, 2
how_WRB to_TO make_VB an_DT origami_NN eleph_NN by_IN origami_NNP spirit_NN there_EX ar_VBP mani_JJ origami_NN eleph_NNS but_CC t_NN, 2
'_'' liam_NNP unfollow_VBD ashton_NNP '_POS '_'' zayn_NNP unfollow_VBD ashton_NNP and_CC luke_NNP '_'', 2
vote_VB now_RB the_DT all_DT new_JJ english_JJ australia_NNP journal_NN au_NN elt_NN articl_NN discuss_NN group_NN is_VBZ readi_JJ to_TO go_VB au_NN elt_NN tesol_NN iatefl_UH, 2
the_DT american_JJ flag_NN ha_VBZ never_RB look_VBN so_RB good_JJ, 3
nigga_NNS to_TO broke_JJ but_CC press_VBD bout_IN pussi_NN exactli_RB, 2
stop_VB get_VBG attach_VBN to_TO peopl_NNS so_RB fast_RB becaus_IN attach_NNS lead_VBP to_TO expect_NNS and_CC expect_NNS can_MD lead_VB to_TO disappoint_VB, 1
a_DT woman_NN is_VBZ onli_RB vulner_JJ when_WRB her_PRP$ nail_NN polish_NN is_VBZ wet_JJ but_CC even_RB then_RB she_PRP can_MD still_RB pull_VBP a_DT trigger_NN, 2
i_PRP should_MD have_VB taken_VBN a_DT pictur_NN with_IN the_DT recruit_NN, 2
pepperidg_JJ farm_NN rememb_VBZ not_RB sure_JJ what_WP life_NN wa_VBD like_IN befor_IN ti_NN amp_NN young_JJ thug_NN 's_POS about_IN the_DT monei_NN, 2
when_WRB u_PRP lose_VBP ur_PRP$ stingrai_NN but_CC then_RB u_PRP find_VBP it_PRP again_RB, 2
smile_UH, 2
so_RB who_WP 's_VBZ tryna_VBG go_VB to_TO life_NN in_IN color_NN on_IN the_DT th_DT of_IN octob_NNP it_PRP wa_VBD on_CD of_IN the_DT best_JJS night_NNS of_IN my_PRP$ life_NN when_WRB i_PRP went_VBD in_IN tulsa_NNP, 2
what_WP should_MD plai_VB next_JJ on_IN the_DT lake_NN or_CC motel_NNS vote_NN np_NN, 2
i_PRP ca_MD n't_RB believ_VB north_NNP west_NNP wa_VBD front_JJ row_NN at_IN pari_NNP fashion_NN week_NN, 2
ok_UH foreal_NNS forealsgym_NN tonight_NN, 2
jamesi_UH, 2
i_PRP honestli_RB do_VBP n't_RB believ_VB that_DT darksydephil_NN is_VBZ that_DT bad_JJ at_IN video_NN game_NNS then_RB again_RB i_PRP did_VBD n't_RB believ_VB an_DT asian_JJ could_MD be_VB a_DT neona_NN, 1
u_PRP know_VBP i_PRP can_MD us_VB twitter_NNP search_NN and_CC find_VB out_RP that_IN you_PRP have_VBP done_VBN the_DT same_JJ right_NN, 2
me_PRP look_VBG for_IN r_NN, 2
ben_NNP in_IN the_DT throne_NN from_IN game_NN of_IN throne_NNS, 2
i_PRP just_RB love_VBP talk_VBG to_TO ya_PRP, 3
armageddon_NNP london_NNP, 2
what_WP a_DT mean_JJ box_NN thi_DT is_VBZ no_DT place_NN for_IN bulli_VBG, 2
hei_UH rose_NNS ar_VBP red_JJ violet_NNS ar_VBP blue_JJ can_MD you_PRP follow_VBP me_PRP and_CC make_VB my_PRP$ dream_NN come_VB true_JJ xx_UH, 2
funni_JJ and_CC stupid_JJ facebook_NNP chat_NNS, 2
i_PRP ad_VBD a_DT video_NN to_TO a_DT playlist_NN there_RB must_MD be_VB more_RBR to_TO life_NN than_IN thi_DT freddi_NN mercuri_NN guitar_NN chord_NNS, 2
who_WP agre_VBZ that_IN i_PRP need_VBP to_TO shoot_VB with_IN again_RB, 2
someon_NN bae_NN me_PRP up_RP pl_NN, 2
wwe_NNP raw_JJ open_JJ thread_NN from_IN chicago_NNP live_VBP result_NNS amp_NN discuss_NN, 2
ik_UH ur_UH not_RB talk_VBG to_TO me_PRP when_WRB i_PRP sai_VBP that_IN but_CC thank_VB you_PRP, 2
just_RB bought_VBD two_CD watermelon_NNS for_IN my_PRP$ ol_JJ video_NN and_CC i_PRP 'm_VBP gon_VBG na_VB film_NN it_PRP with_IN two_CD other_JJ melon_NNS aka_VBN, 2
and_CC while_IN you_PRP 're_VBP at_IN it_PRP would_MD you_PRP mind_VBP tell_VBG the_DT other_JJ gui_NN to_TO do_VB a_DT puni_JJ god_NNP stunt_NN with_IN a_DT coupl_NN politician_NNS down_IN here_RB, 2
will_MD forev_RB love_VBP that_DT pictur_NN of_IN me_PRP and_CC my_PRP$ pit_NNS, 2
come_VB back_RB plz_UH, 2
dm_VB me_PRP pleas_VB, 2
onli_JJ person_NN who_WP i_PRP can_MD sai_VB other_JJ than_IN on_CD more_JJR person_NN that_IN know_VBZ what_WP 's_VBZ go_VBG on_RP and_CC tri_VBZ to_TO help_VB me_PRP, 2
gui_NNS it_PRP on_IN steal_VB my_PRP$ gir_NN i_PRP, 2
happi_JJ th_DT birthdai_NN to_TO my_PRP$ soul_NN sister_NN cant_MD believ_VB im_PRP not_RB there_RB do_VBG jager_NNS with_IN you_PRP love_VBP u_PRP forev_RB miss_VBP u_PRP see_VBP you_PRP soon_RB xxxxxxxxx_UH, 3
idk_VBP y_WRB she_PRP do_VBP n't_RB like_VB me_PRP, 2
what_WP 's_VBZ your_PRP$ fave_NN okanagan_JJ wineri_NN just_RB back_RB from_IN a_DT wine_NN road_NN trip_NN for_IN a_DT ni_JJ che_NN travel_NN featur_NN would_MD love_VB to_TO know_VB what_WP bc_IN wine_NN you_PRP love_VBP, 2
i_PRP wish_VBP i_PRP could_MD put_VB on_IN lip_NN balm_NN in_IN public_JJ without_IN judgement_NN, 2
holi_JJ crap_NN i_PRP want_VBP thi_DT tattoo_NN lol_UH disnei_NN ink_NN, 2
free_JJ ass_NN, 2
my_PRP$ mind_NN wo_MD n't_RB process_VB thi_DT imag_NN, 2
bust_VBP the_DT adjust_NN button_NN on_IN my_PRP$ beardi_JJ trimmer_JJR thing_NN fuck_VB sake_NN, 2
smile_NN becaus_IN, 2
be_VBG singl_JJ is_VBZ fun_JJ until_IN you_PRP have_VBP no_DT on_NN to_TO talk_VB to_TO at_IN night_NN, 2
is_VBZ herself_PRP a_DT brand_NN of_IN silicon_NN lil_JJ '_'' kim_NNP is_VBZ so_RB full_JJ of_IN herself_PRP, 2
i_PRP miss_VBP you_PRP see_VBP you_PRP sundai_NNP, 2
except_IN trei_NNP, 2
be_VBG singl_JJ is_VBZ fun_JJ until_IN you_PRP have_VBP no_DT on_NN to_TO talk_VB to_TO at_IN night_NN, 2
smh_SYM the_DT fed_NNS got_VBD muriel_NN, 2
how_WRB to_TO effect_RB beat_VB a_DT red_JJ light_NN camera_NN ticket_NN via_IN, 2
be_VBG call_VBN babygirl_NN or_CC my_PRP$ girl_NN is_VBZ the_DT wai_NN to_TO ani_DT girl_NNS heart_NN, 2
wow_UH so_RB retro_JJ, 2
me_PRP turd_NN and_CC juan_NNP ar_VBP go_VBG to_TO do_VB a_DT podcast_NN about_IN destini_NN, 2
nigga_NNS alwai_RB act_VBG like_IN bitch_NNS, 2
my_PRP$ mind_NN wo_MD n't_RB process_VB thi_DT imag_NN, 2
my_PRP$ sacr_JJ place_NN, 2
where_WRB tf_NN is_VBZ my_PRP$ wig_NN tho_RB, 2
hi_UH my_PRP$ sunshin_NN your_PRP$ smile_NNS chang_VBZ my_PRP$ life_NN thank_NNS for_IN thi_DT i_PRP 'll_MD alwai_RB love_VBP you_PRP pleas_VBP follow_VB meit_NNS my_PRP$ biggest_JJS dream_NN x_UH, 3
da_DT fuck_NN did_VBD i_PRP just_RB read_VB, 1
somewher_RB in_IN my_PRP$ car_NN keith_NNP urban_JJ, 2
salem_NNP kid_NNS here_RB tryna_VBG tell_VB me_PRP their_PRP$ shit_NN 's_POS fire_NN yeah_UH becaus_IN half_PDT the_DT shit_NN u_PRP smoke_VBG arent_VB stem_VBZ foh_UH with_IN that_DT weak_JJ shit_NN, 1
septemb_NNP at_IN am_VBP, 2
captaineo_UH my_PRP$ fave_NN costum_NN thi_DT year_NN he_PRP 's_VBZ here_RB to_TO chang_VB the_DT world_NN earworm_NN lbcc_NN, 2
he_PRP can_MD '_'' t_NN be_VB stop_VBN, 2
i_PRP see_VBP some_DT heavi_JJ miller_NNP block_VBG in_IN there_RB, 2
back_RB in_IN the_DT saddl_NN again_RB, 2
listen_VBG to_TO old_JJ wbtp_NNS with_IN judgement_NNS veri_RB funni_JJ, 3
ega_NNP panic_NN i_PRP love_VBP you_PRP you_PRP love_VBP life_NN, 3
when_WRB you_PRP and_CC your_PRP$ best_JJS friend_NN sai_VBP the_DT same_JJ thing_NN at_IN the_DT same_JJ time_NN, 2
check_VB out_RP thi_DT awesom_JJ site_NN scott_NNP rohn_NNP creati_NNP, 2
physiolog_NN so_RB basic_RB preme_VBN, 2
joi_NN as_IN jigawa_NNP airport_NN take_VBZ it_PRP$ maiden_JJ flight_NN to_TO mecca_NNP, 2
i_PRP am_VBP cute_JJ, 3
do_VBP n't_RB lose_VB yourself_PRP try_VBG to_TO find_VB someon_NN els_RB, 2
fake_JJ dm_NN will_MD be_VB the_DT death_NN of_IN me_PRP, 2
la_UH red_JJ social_JJ on_CD direct_NN social_JJ net_NN did_VBD liam_NNP break_VB hi_PRP$ arm_NN h_NN qfy_NN cp_NN ul_HT, 2
go_VB order_VB the_DT hottest_JJS item_NNS from_IN and_CC us_VB the_DT promo_NN code_NN lm_UH, 2
hi_UH my_PRP$ sunshin_NN your_PRP$ smile_NNS chang_VBZ my_PRP$ life_NN thank_NNS for_IN thi_DT i_PRP 'll_MD alwai_RB love_VBP you_PRP pleas_VBP follow_VB meit_NNS my_PRP$ biggest_JJS dream_NN x_UH, 3
ok_UH haha_UH is_VBZ a_DT lot_NN i_PRP just_RB threw_VBD a_DT number_NN out_IN there_RB i_PRP do_VBP n't_RB want_VB yall_PRP to_TO wait_VB all_DT dai_NN i_PRP 'll_MD be_VB home_RB soon_RB and_CC then_RB i_PRP '_'' l_UH, 2
need_VBD that_DT nap_NN, 2
bbc_NN '_'' horizon_NN '_'' programm_NN on_IN gender_JJ brain_NN differ_NNS, 2
how_WRB much_JJ will_MD the_DT delux_JJ pre_JJ order_NN cost_NN, 2
if_IN you_PRP have_VBP n't_RB won_VBD your_PRP$ divis_NN in_IN year_NNS and_CC it_PRP look_VBZ like_IN you_PRP not_RB gona_MD win_VB it_PRP for_IN anoth_DT, 2
kudo_NNS to_TO anyon_NN actual_RB read_VBG the_DT odyssei_JJ you_PRP da_DT real_JJ mvp_NN, 2
s_JJ babi_NNS what_WP up_RP doe_UH, 2
and_CC i_PRP wan_VBP na_TO rub_VB you_PRP all_DT over_IN with_IN butter_NN like_IN you_PRP a_DT piec_NN of_IN wonder_NN bread_NN lmao_UH okai_UH i_PRP 'm_VBP done_VBN, 2
fun_NN time_NN home_NN on_IN to_TO more_JJR travel_NN now_RB, 2
happi_JJ birthdai_NN kaep_NN makin_VBG cuantekksimuett_NNS eakk_UH, 2
shoot_VBG tomorrow_NN with_IN, 2
when_WRB bae_NN sai_VBZ goodnight_NN but_CC you_PRP ar_VBP n't_RB tire_JJ yet_RB, 2
everi_DT colleg_NN student_NN ever_RB, 2
first_JJ tshirt_NN out_IN of_IN derek_NNP jeter_NNP 's_POS drawer_NN on_IN hi_PRP$ first_JJ dai_NN of_IN retir_NN michigan_NNP via_IN, 2
the_DT moment_NN i_PRP wake_VBP up_RP befor_IN i_PRP put_VBP on_IN my_PRP$ make_NN up_RP i_PRP sai_VBP a_DT littl_JJ prayer_NN for_IN you_PRP, 2
if_IN my_PRP$ homi_NNS do_VBP n't_RB fuck_VB witcha_IN i_PRP dont_VBP fuck_VB witcha_IN that_DT 's_VBZ exactli_RB how_WRB everybodi_NN should_MD be_VB, 1
lmao_UH you_PRP so_RB crazi_JJ i_PRP made_VBD it_PRP myself_PRP, 2
that_DT 's_VBZ a_DT crazi_JJ ass_NN stori_NN suck_VBZ you_PRP had_VBD to_TO deal_VB with_IN all_DT of_IN that_DT, 1
caitlyn_NN did_VBD n't_RB take_VB long_JJ to_TO chang_VB her_PRP$ background_NN, 2
on_IN a_DT date_NN with_IN thi_DT beauti_NN datenight_NN, 2
somebodi_NN give_VB ross_NNP some_DT combat_NN boot_NNS pl_VBD i_PRP miss_VBP when_WRB he_PRP wore_VBD them_PRP, 2
xxx_UH movi_NN hot_JJ lesbian_NNS engag_VBP in_IN muff_NN dive_JJ xxx_JJ anal_JJ milf_NN i_PRP pad_NN usa_NNP, 2
omg_UH ye_UH final_RB someon_NN see_VBZ it_PRP too_RB, 2
destini_NN is_VBZ amaz_JJ, 3
asksam_UH how_WRB do_VBP you_PRP feel_VBP know_VBG you_PRP 're_VBP go_VBG to_TO be_VB on_IN your_PRP$ first_JJ tour_NN, 2
plot_NN twist_NN u_PRP feel_VBP the_DT same_JJ wai_NN, 2
no_DT contact_NN but_CC i_PRP 'd_MD be_VB happi_JJ to_TO reach_VB out_RP, 2
final_JJ chanc_NN to_TO enter_VB our_PRP$ dior_NN jardin_VBG contest_NN we_PRP draw_VBP todai_NN to_TO enter_VB follow_VB amp_NN amp_NN, 2
kiss_NNS and_CC cuddl_NNS would_MD be_VB so_RB good_JJ rn_NN, 3
cool_UH, 3
the_DT past_NN doesnt_VBZ matter_NN anymor_RB it_PRP all_DT about_IN the_DT now_RB, 2
justin_NNP and_CC patrick_NNP '_POS s_JJ battl_NN to_TO the_DT death_NN wa_VBD just_RB too_RB funni_JJ and_CC cute_JJ emabigg_NNS fan_NNS justin_NNP bieber_NNP, 3
do_VBP n't_RB do_VB it_PRP, 1
i_PRP ca_MD n't_RB wait_VB to_TO travel_VB the_DT world_NN with_IN someon_NN i_PRP 'm_VBP in_IN love_NN with_IN to_TO get_VB to_TO wake_VB up_RP to_TO them_PRP everydai_RB amp_NN share_NN an_DT adventur_NN wit_IN, 3
under_IN armour_NN men_NNS 's_POS under_IN armour_NN alter_VB ego_NN camo_NN superman_NNP tshirt_NN, 2
check_VB out_RP thi_DT job_NN healthcar_NN sap_NN fico_NN or_CC sd_NNP senior_JJ consult_NN at_IN pw_NN c_NN philadelphia_NNP, 2
style_NN setter_NNS and_CC go_VB togeth_RB like_IN chocol_NN andanoth_NN veri_RB fashion_JJ kind_NN of_IN chocol_NN, 2
if_IN i_PRP saw_VBD slowdiv_JJ live_VBP i_PRP 'd_MD cry_VB uncontrol_RB, 2
i_PRP hate_VBP when_WRB ugli_JJ bitch_NNS dm_VBP me_PRP, 1
keyon_NNP be_VB breath_VBG hard_JJ asf_NNS in_IN hi_PRP$ snapchat_NN video_NNS lolstg_UH, 2
i_PRP wish_VBP, 2
do_VBP tell_VB then_RB, 2
tcp_NN scan_NN port_NN sourc_NN ip_VBZ, 2
got_VBD a_DT crazi_JJ busi_JJ week_NN come_VBG up_RP ahh_UH, 1
attend_VBG event_NNS where_WRB evil_JJ and_CC haram_JJ thing_NNS ar_VBP commit_VBN will_MD weaken_VB our_PRP$ faith_NN let_VB 's_POS be_VB firm_JJ on_IN our_PRP$ deen_NNP and_CC stai_VB awai_RB from_IN such_JJ event_NNS, 1
end_VBD thank_VB god_NNP, 2
ayeee_UH hi_PRP$ too_RB wavei_JJ fammmmm_NN, 2
scroll_NN fast_JJ rt_NN if_IN it_PRP turn_VBP purpl_JJ, 2
if_IN a_DT teacher_NN hand_VBZ you_PRP the_DT test_NN back_RB like_IN thi_DT you_PRP know_VBP you_PRP fail_VBD, 1
i_PRP do_VBP n't_RB know_VB ani_DT mayor_JJ candid_NNS in_IN picker_VBG with_IN a_DT clear_JJ commun_NN engag_NN strategi_NN other_JJ than_IN, 2
chase_VB hawlei_NNP vs_IN jacob_NNP busch_NN from_IN sudburi_JJ wolv_NNS at_IN oshawa_NNP gener_NNS sep_NN, 2
i_PRP 'm_VBP listen_VBG to_TO i_PRP wan_VBP na_TO sex_NN you_PRP up_RP by_IN color_NN me_PRP badd_VBD on_IN pandora_NNP pandora_NNP, 2
lord_NNP have_VBP merci_NN, 2
thi_DT nigga_NN rack_NNS cant_MD be_VB dead_JJ doe_NN onlif_NN, 2
so_RB yall_PRP just_RB dont_VBP give_VB a_DT fuck_NN no_DT more_JJR huh_UH son_NN of_IN a_DT bitch_NN, 1
messag_VB me_PRP tomorrow_NN becaus_IN i_PRP 'm_VBP off_RP to_TO sleep_VB to_TO try_VB get_VB rid_JJ of_IN thi_DT flu_NN haha_UH, 2
edit_VBG audio_NN for_IN watch_NN dog_NNS todai_NN and_CC it_PRP 's_VBZ all_DT buggi_JJ clearli_RB the_DT hacker_NNS want_VB me_PRP silenc_VBN the_DT onli_JJ logic_JJ explan_NN, 2
babi_NN be_VB my_PRP$ diamond_NNS and_CC gold_NN, 2
oh_UH lort_UH i_PRP 'm_VBP done_VBN with_IN thi_DT week_NN alreadi_RB, 2
mt_UH saturn_NNP 's_POS cloud_NNS swept_VBN by_IN highspe_JJ wind_NNS top_VBG mph_NN kph_UH, 2
sorri_JJ to_TO hear_VB that_DT young_JJ boi_NN di_VBD todai_NN, 1
no_DT down_JJ, 2
skeleton_NN in_IN a_DT skirt_NN haha_UH '_'', 2
happi_JJ birthdai_NN to_TO the_DT coolest_JJS person_NN i_PRP know_VBP hope_VB you_PRP 're_VBP have_VBG a_DT kick_NN ass_NN dai_NN love_VB you_PRP bb_NN, 3
from_IN boardwalk_NNS to_TO the_DT surf_NN to_TO boogi_NN board_NNS what_WP yourtak_VBP let_VB 's_POS see_VB your_PRP$ shore_NN and_CC beach_NN view_NNS pictur_NNS, 2
your_PRP$ rude_JJ she_PRP is_VBZ natur_RB pretti_RB, 2
out_RP kast_UH bring_VBZ out_RP erykah_NN badu_NN at_IN atlast_NN, 2
retweet_VB if_IN you_PRP want_VBP me_PRP to_TO releas_VB a_DT littl_JJ preview_NN of_IN my_PRP$ new_JJ song_NN nobodi_NN so_IN you_PRP can_MD get_VB a_DT tast_NN of_IN how_WRB it_PRP sound_VBZ, 2
press_NN here_RB to_TO help_VB save_VB the_DT arctic_NNP gt_NN, 2
you_PRP 're_VBP the_DT first_JJ person_NN i_PRP want_VBP to_TO talk_VB to_TO when_WRB i_PRP wake_VBP up_RP and_CC the_DT last_JJ person_NN i_PRP wish_VBP to_TO see_VB befor_IN i_PRP fall_VBP asleep_RB, 3
memori_NNS ar_VBP the_DT hardest_JJS, 1
off_IN to_TO schooooooool_VB, 2
cc_NN sydnei_NNP is_VBZ hot_JJ as_IN fuck_NN, 3
lose_VBG my_PRP$ fuckin_JJ patienc_NN with_IN everyon_NN, 1
quit_VB hate_VBG poser_NN why_WRB why_WRB why_WRB, 2
i_PRP wont_MD give_VB up_RP i_PRP realli_RB need_VBP to_TO meet_VB them_PRP pleas_VB pick_VB me_PRP more_RBR second_NNS of_IN summer_NN, 2
just_RB thought_VBD i_PRP let_VBP you_PRP know_VBP you_PRP wont_MD get_VB me_PRP replac_VBD, 2
for_IN rice_NN s_POS damn_UH why_WRB am_VBP i_PRP pour_VBP, 2
harri_NNP is_VBZ a_DT joi_NN of_IN curl_NNS and_CC loveli_NN, 2
listen_VBG to_TO steal_VB my_PRP$ girl_NN like_IN steal_VB my_PRP$ girl_NN the_DT dfandom_NN slai_VBZ, 2
thing_NNS wors_JJR than_IN a_DT mondai_NNP jet_NNS fan_NNS cowboi_NNS fan_NNS see_VBP and_CC, 1
i_PRP 'm_VBP realli_RB enjoi_VBG it_PRP so_RB far_RB it_PRP 's_VBZ differ_JJ i_PRP hope_VBP you_PRP like_VBP it_PRP too_RB, 2
omg_UH chef_NN michael_NNP smith_NNP is_VBZ visit_VBG abbotsford_NNP im_PRP go_VBG to_TO go_VB see_VB him_PRP, 2
take_VBG the_DT barber_NN state_NN exam_NN next_JJ week_NN, 2
why_WRB why_WRB not_RB not_RB undress_VBG in_IN front_NN of_IN my_PRP$ homeboi_NNS, 2
excit_JJ to_TO be_VB head_VBG to_TO melbourn_VB to_TO repres_VB in_IN the_DT togeth_RB, 2
ur_PRP$ the_DT reason_NN why_WRB my_PRP$ heart_NN beat_VBZ fast_RB jk_VBN bitch_NN it_PRP 's_VBZ the_DT cocain_NN, 2
the_DT new_JJ on_CD direct_NN song_NN is_VBZ absolut_JJ fire_NN, 2
on_IN good_JJ morn_NN america_NNP oh_UH my_UH gosh_UH, 2
and_CC we_PRP 're_VBP off_RP, 2
ye_UH i_PRP am_VBP nasti_JJ lol_UH, 2
great_JJ to_TO see_VB fifa_NNP record_NNS act_VBZ the_DT vincent_NNS amp_NN elast_JJ sleep_NN be_VBG pick_VBN as_IN on_NNS to_TO watch_VB by_IN billion_CD peopl_NNS, 2
dear_UH lord_NNP give_VB me_PRP the_DT grind_NN to_TO by_IN thi_DT thing_NN cash_NN thi_DT year_NN amen_UH bmwi_UH, 2
tell_VB me_PRP thi_DT ai_VBZ n't_RB true_JJ lex_NNP, 2
babi_NNS ar_VBP bless_NNS, 2
dream_VBG is_VBZ the_DT first_JJ step_NN that_IN you_PRP have_VBP to_TO make_VB while_IN the_DT act_NN is_VBZ the_DT next_JJ step_NN that_IN you_PRP have_VBP to_TO do_VB, 2
and_CC thank_VB you_PRP for_IN all_DT of_IN the_DT congrat_NNS amp_NN posit_NN to_TO team_NN impala_NN gishwh_NNS is_VBZ noth_NN without_IN kind_NN highroad_NN nolos_NNS, 3
i_PRP hate_VBP everyon_NN, 1
here_RB is_VBZ the_DT video_NN that_IN justin_NNP post_VBD onto_IN fahlo_NN, 2
alright_UH so_RB thi_DT fridai_NNP homecom_NN will_MD properli_RB be_VB purpl_JJ and_CC gold_JJ retweet_NN tell_VB your_PRP$ friend_NNS roll_VBP tribe_NN, 2
juyjyttpwwwclickdreamscombr_UH, 2
time_NN to_TO fill_VB it_PRP with_IN drug_NN induc_VBN friendship_NNS and_CC memori_NNS amp_NN hardcor_NN porn_NN, 2
squad_NN goal_NNS, 2
you_PRP 're_VBP the_DT first_JJ and_CC last_JJ of_IN you_PRP kind_NN, 2
exactli_RB lmao_UH there_EX is_VBZ stuff_NN but_CC i_PRP have_VBP to_TO be_VB taken_VBN, 2
me_PRP against_IN the_DT world_NN these_DT neega_NNS ar_VBP veri_RB disrespect_JJ to_TO me_PRP, 1
on_IN a_DT girl_NN i_PRP 'd_MD take_VB ey_NNS and_CC smile_NN over_IN bodi_NN all_DT dai_NN everydai_NN ey_NNS ar_VBP a_DT must_NN for_IN me_PRP, 2
you_PRP ar_VBP n't_RB southern_JJ, 2
a_DT lot_NN of_IN bitch_NNS hate_VBP on_IN me_PRP amp_NN i_PRP know_VBP it_PRP, 1
serbian_JJ superleagu_NN red_JJ star_NN radnicki_NNP blazarov_NNP jlorentzen_NNP, 2
no_UH you_PRP will_MD have_VB fun_NN with_IN you_PRP love_VBP hug_VB, 3
the_DT past_NN doesnt_VBZ matter_NN anymor_RB it_PRP all_DT about_IN the_DT now_RB, 2
bluelt_JJ orang_NN, 2
jessi_NNP just_RB wake_VB me_PRP up_RP from_IN thi_DT nightmar_NN plz_UH, 2
the_DT american_JJ flag_NN ha_VBZ never_RB look_VBN so_RB good_JJ, 3
new_JJ vine_NN is_VBZ up_RP like_IN and_CC revin_VB for_IN a_DT follow_NN comment_VB your_PRP$ twitter_NN name_NNS when_WRB you_PRP 're_VBP done_VBN so_RB i_PRP 'll_MD know_VB, 2
like_IN i_PRP ca_MD n't_RB deal_VB what_WP so_RB ever_RB right_RB now_RB i_PRP 'm_VBP cry_VBG in_IN my_PRP$ offic_NN in_IN front_NN of_IN patient_NNS, 2
awwh_UH im_PRP gunna_MD miss_VB you_PRP jessssica_NNP, 2
how_WRB is_VBZ batman_NNP, 2
mortgag_NN specialist_NN vancouv_NN job_NN want_VBD in_IN vancouv_NN nation_JJ bankof_NN canada_NNP, 2
you_PRP dont_VBP have_VB to_TO be_VB she_PRP ha_VBZ k_NN and_CC is_VBZ famou_JJ in_IN game_NN and_CC your_PRP$ hotter_JJR than_IN her_PRP$ i_PRP can_MD make_VB you_PRP famou_JJ, 2
da_VBZ a_DT nigga_NN onna_PRP$ side_NN of_IN a_DT side_NN bitch_NN homi_NN, 2
we_PRP need_VBP reviv_NN all_DT overal_JJ the_DT world_NN amen_UH, 2
mayb_RB he_PRP just_RB want_VBD out_RP mayb_RB thei_PRP were_VBD convinc_VBN he_PRP would_MD n't_RB come_VB back_RB from_IN injuri_NN idk_VBP but_CC i_PRP know_VBP i_PRP would_MD have_VB kept_VBN him_PRP, 2
cute_JJ, 3
yall_PRP alwai_RB come_VBZ in_IN clutch_NN idk_VBP how_WRB she_PRP doe_VBZ it_PRP but_CC i_PRP think_VBP she_PRP 's_VBZ like_IN my_PRP$ guardian_NN angel_NN, 2
first_JJ snow_NN yosemit_NN nation_JJ park_NN california_NNP autumn_NN, 2
when_WRB bae_NN is_VBZ win_VBG an_DT argument_NN so_IN u_PRP pull_VBP out_RP some_DT old_JJ stuff_NN, 2
watch_VBG frozen_JJ, 2
show_VB me_PRP off_RP like_IN thi_DT and_CC i_PRP 'll_MD be_VB the_DT happiest_JJS girl_NN ever_RB, 3
my_PRP$ interview_NN on_IN estonia_NNS presid_NN on_IN whether_IN hi_PRP$ countri_NN will_MD be_VB putin_NNS next_JJ target_NN the_DT answer_NN is_VBZ no_DT, 2
the_DT true_JJ mean_NN of_IN '_'' bae_NN '_'', 2
doe_VBZ thi_DT even_RB exist_VB anymor_RB haha_UH, 2
thousand_NNS march_VBP in_IN rome_NN in_IN pro_NN palestinian_JJ ralli_NN via_IN, 2
mai_MD allah_VB grant_VB you_PRP all_DT the_DT opportun_NN to_TO perform_VB hajj_VB on_CD dai_NN ameen_UH, 3
thei_PRP be_VB on_IN some_DT low_JJ kei_NN scheme_NN stuff_NN, 2
and_CC ai_VBP n't_RB noth_NN wrong_JJ with_IN it_PRP at_IN all_DT twerk_NN that_DT shit_NN but_CC not_RB for_IN everi_DT man_NN ey_NNS to_TO see_VB babi_NN, 2
in_IN japan_NNP christma_NNP ev_NN is_VBZ a_DT time_NN to_TO eat_VB strawberri_NN shortcak_NN and_CC fri_JJ chicken_NN, 2
lo_UH keep_VB screenshot_VBG me_PRP, 2
new_JJ vine_NN is_VBZ up_RP like_IN and_CC revin_VB for_IN a_DT follow_NN comment_VB your_PRP$ twitter_NN name_NNS when_WRB you_PRP 're_VBP done_VBN so_RB i_PRP 'll_MD know_VB, 2
amaz_JJ hotel_NN room_NN, 3
wa_VBD surpris_VBN with_IN the_DT last_JJ page_NN zee_NNP 's_POS reaction_NN, 2
ima_PRP stop_VBP act_VBG like_IN a_DT lil_JJ bitch_NN, 1
but_CC asshol_NN i_PRP miss_VBP you_PRP, 1
if_IN someon_NN who_WP creat_VBZ art_NN is_VBZ an_DT artist_NN then_RB is_VBZ someon_NN who_WP rap_NNS a_DT rapist_NN do_VBP i_PRP kiss_VB good_JJ click_NN here_RB, 2
we_PRP 've_VBP got_VBN star_NN war_NNS mom_NNS and_CC zombi_NNS daili_JJ comet_NN, 2
if_IN thi_DT headach_NN would_MD go_VB tf_VB awai_RB that_DT would_MD be_VB great_JJ, 2
and_CC i_PRP ar_VBP from_IN the_DT bronx_NN and_CC we_PRP 'll_MD mess_VB you_PRP up_RP, 2
hahaha_UH harri_NNP what_WP the_DT hell_NN who_WP let_VBP him_PRP do_VBP thi_DT charlott_NNP nc_NNP via_IN tumblr_NNP, 2
the_DT knick_NN, 2
cnblue_JJ mfor_NN im_PRP sorri_JJ boic_NN we_PRP need_VBP to_TO reach_VB the_DT million_CD view_NNS for_IN i_PRP 'm_VBP sorri_JJ mv_NN, 2
i_PRP just_RB want_VBP to_TO sleep_VB all_DT dai_NN, 2
go_VB watch_VB ask_VB nash_NNP nash_NNP new_JJ video_NN nash_NNS new_JJ video_NN nash_NNS new_JJ video_NN nash_NNS new_JJ video_NN nash_NNS new_JJ video_NN na_UH, 2
sy_NN jessica_NN i_PRP wa_VBD excit_VBN about_IN our_PRP$ upcom_JJ fan_NN event_NNS onli_RB to_TO shockingli_RB be_VB inform_VBN by_IN my_PRP$ compani_NN and_CC other_NNS t_VBP, 2
ag_NN ha_VBZ no_DT direct_JJ link_NN to_TO life_NN experi_NN and_CC matur_NN you_PRP mai_MD be_VB young_JJ but_CC you_PRP 've_VBP alreadi_RB been_VBN through_IN a_DT lot_NN, 2
own_VB your_PRP$ life_NN ask_VB me_PRP how_WRB, 2
wiz_NNP need_VBP to_TO go_VB back_RB to_TO that_DT kush_NN amp_NN oj_NNP style_NN of_IN rap_NN, 2
i_PRP 'm_VBP just_RB think_VBG last_JJ year_NN at_IN thi_DT time_NN i_PRP would_MD be_VB with_IN my_PRP$ team_NN ri_NNP, 2
dear_JJ colleg_NNS if_IN i_PRP unsubscrib_VBP from_IN your_PRP$ email_NN list_NN that_WDT doe_VBZ not_RB mean_VB send_VB me_PRP real_JJ mail_NN, 2
why_WRB is_VBZ orlando_NNP and_CC florida_NNP both_DT trend_VBG thi_DT state_NN doe_VBZ n't_RB get_VB anyth_NN popular_JJ so_IN why_WRB is_VBZ it_PRP trend_VBG, 2
talk_VB to_TO god_NNP errydai_NN, 2
so_RB true_JJ expert_NNS dont_VBP know_VB all_DT that_DT much_RB more_JJR than_IN regular_JJ peopl_NNS and_CC thei_PRP have_VBP bias_NNS themselv_PRP about_IN what_WP thei_PRP believ_VBP, 2
to_TO those_DT who_WP make_VBP scifi_NN tvmovi_NNS thi_DT is_VBZ what_WP real_JJ scientist_NNS who_WP have_VBP just_RB launch_VBN a_DT mar_NNP mission_NN look_VB like_IN, 2
i_PRP ca_MD n't_RB not_RB ma_PRP$ problem_NN b_NN, 1
jasminejp_NN is_VBZ out_IN stori_NNS via_IN, 2
even_RB crush_VB love_NN do_VBP n't_RB last_JJ anymor_RB, 2
i_PRP did_VBD it_PRP on_IN purpos_NN, 2
that_DT 's_BES hyster_JJ, 2
never_RB look_VB down_RP upon_IN ani_DT good_JJ deed_NN for_IN you_PRP know_VBP not_RB which_WDT deed_VBD can_MD grant_VB you_PRP allah_VBP merci_NN and_CC paradis_NN, 2
thank_UH twinnie_NNP, 2
accur_JJ stealmygirlgotleak_JJ stealmygirlisperfect_NN, 2
at_IN first_JJ im_PRP like_IN yeah_UH the_DT world_NN is_VBZ in_IN troubl_NN at_IN the_DT end_NN im_PRP pump_VBG my_PRP$ fist_NN via_IN, 2
everi_DT episod_NN, 2
i_PRP legit_VBP miss_VB tuphearur_NN g_NN, 2
thi_DT is_VBZ actual_RB me_PRP everydai_RB, 2
organ_VB everythingabout_VB your_PRP$ life_NN i_PRP mean_VBP everyth_NN babe_UH my_PRP$ life_NN and_CC bodi_NN is_VBZ acorpor_NN, 2
sai_VBZ he_PRP miss_VBZ everi_DT dai_NN shai_NN, 1
mate_NNS for_IN year_NNS had_VBD argument_NNS and_CC physic_JJ fight_NNS but_CC she_PRP still_RB my_PRP$ bae_NN x_UH bestieforev_UH, 2
earlier_RB, 2
everyon_NN head_NN over_IN to_TO orang_JJ leaf_NN pizza_NN tonight_NN of_IN your_PRP$ purchas_NN goe_VBZ to_TO _VB domest_JJ violenc_NN awar_NN, 2
la_UH red_JJ social_JJ on_CD direct_NN social_JJ net_JJ htlikepayn_NN the_DT sass_NNS pic_NN via_IN the_DT dhot_NN seat_NN d_NN dfwr_NN zzr_UH x_UH, 2
i_PRP do_VBP n't_RB understand_VB how_WRB come_VB gop_NN congsen_NNS do_VBP n't_RB work_VB get_VB paid_VBN amp_NN is_VBZ win_VBG in_IN the_DT poll_NNS can_MD someon_NN explain_VB thi_DT me_PRP vote_VB democrat_NN vote_NN, 2
ok_UH haha_UH is_VBZ a_DT lot_NN i_PRP just_RB threw_VBD a_DT number_NN out_IN there_RB i_PRP do_VBP n't_RB want_VB yall_PRP to_TO wait_VB all_DT dai_NN i_PRP 'll_MD be_VB home_RB soon_RB and_CC then_RB i_PRP '_'' l_UH, 2
search_NN cap_NN googl_NNP panda_NNP loser_NNS right_RB to_TO be_VB forgotten_VBN amp_NN googl_VBP th_DT birthdai_NN, 2
fav_JJ if_IN you_PRP would_MD wear_VB these_DT order_NN thi_DT, 2
at_IN pax_NNP v_NNP me_PRP, 2
the_DT i_PRP heart_VBP radio_NN music_NN festiv_NN wa_VBD epic_JJ in_IN person_NN amp_NN will_MD be_VB incred_JJ on_IN tv_NN watch_VB on_IN on_IN mon_NN amp_NN tue_NNS night_NN at_IN, 2
dear_JJ manag_NN pleas_VB just_RB let_VBP zayn_NNP design_NN the_DT merchandis_NN sincer_RB the_DT on_CD direct_NN fandom_NN, 2
year_NNS ago_IN todai_NN start_VBD the_DT best_JJS tv_NN show_NN ever_RB on_CD tree_NN hill_NN, 3
the_DT onli_JJ honest_JJ peopl_NNS in_IN the_DT world_NN ar_VBP small_JJ children_NNS and_CC me_PRP after_IN a_DT coupl_NN cocktail_NNS, 2
houston_NNP girl_NNS do_VBP it_PRP better_JJR, 3
sweater_NN season_NN just_RB doe_VBZ n't_RB provid_VB the_DT same_JJ gym_NN motiv_NN as_IN swimsuit_NN season_NN, 2
thank_VB you_PRP si_NN have_VBP a_DT gr_NN week_NN all_DT ty_UH, 2
drawn_VBN togeth_RB the_DT complet_JJ second_JJ season_NN dvd_NN disc_NN set_VBN checkpoint_NN, 2
lol_UH ill_PRP stick_VB to_TO that_DT come_VB danc_VB that_DT ass_NN over_IN here_RB, 2
thi_DT weather_NN though_IN, 2
i_PRP love_VBP make_VBG someon_NN smile_NN or_CC laugh_VB just_RB becaus_IN i_PRP never_RB know_VBP what_WP thei_PRP could_MD be_VB go_VBG through_IN, 3
the_DT purveyor_NNS of_IN fear_NN ar_VBP feckless_JJ when_WRB realiti_NN hit_VBZ just_RB be_VB prepar_VBN and_CC you_PRP wont_MD need_VB to_TO be_VB so_RB skeerd_JJ pooki_NN h_NN, 2
anoth_DT season_NN of_IN basketbal_NN aka_VBN get_VBG lectur_NNS from_IN my_PRP$ dad_NN and_CC get_VBG sympathi_NN from_IN my_PRP$ mom_NN, 2
us_VBN ford_NNP edg_NN sel_NN plu_CC fwd_VB in_IN eastlak_NNP willoughbi_NNP willowick_NNP wickliff_NNP mentor_NN mentor_NN on_IN the_DT lake_NN, 2
also_RB thi_DT is_VBZ my_PRP$ announc_NN of_IN no_DT longer_RB get_VBG us_VBN or_CC be_VBG taken_VBN advantag_NN of_IN cheat_VBN on_IN or_CC treat_VBD like_IN shit_NN ani_DT, 1
take_VB advantag_NN of_IN everi_DT opportun_NN you_PRP get_VBP it_PRP could_MD be_VB your_PRP$ last_JJ on_CD, 2
do_VBP n't_RB worri_VB you_PRP 'll_MD do_VB fine_JJ, 2
our_PRP$ homi_NN stop_VBD by_IN the_DT shot_NNS offic_NN todai_NN, 2
a_DT rape_NN case_NN in_IN court_NN, 1
peopl_NNS got_VBD me_PRP fuck_VBD up_RP, 1
besid_IN thei_PRP ar_VBP mainli_RB run_VBN by_IN hypocritci_NNS who_WP believ_VBP n_CC democraci_NN like_IN haitham_NNP haddad_VBD, 2
pet_NN gift_NNS dog_NN gift_NNS gift_NNS for_IN dog_NN lover_NNS person_JJ pet_NN gift_NN word_NNS with_IN board_NNS, 2
the_DT beauti_NN of_IN a_DT woman_NN is_VBZ seen_VBN in_IN her_PRP$ ey_NNS becaus_IN that_DT is_VBZ the_DT doorwai_NN to_TO her_PRP$ heart_NN the_DT place_NN where_WRB love_NN resid_VBZ audr_NNP, 2
break_VBG five_CD counter_NN terror_NN raid_NNS underwai_NN across_IN melbourn_JJ suburb_NNS ref_NN abc_NNP new_NN, 2
lol_UH she_PRP 's_VBZ anoth_DT concert_NN off_IN my_PRP$ list_NN, 2
scott_NNP cole_NNP amp_NN chri_NNP peterson_NNP win_VB and_CC facil_NN team_NN championship_NN at_IN white_JJ bear_NN yacht_NN club_NN htt_NN, 2
relax_VBP yo_PRP$ alwai_RB so_RB snappi_JJ and_CC shit_NN lmao_UH sheesh_UH nb_UH, 2
long_JJ dai_NN, 2
resign_VB robert_NNP lester_NNP sign_NN stephen_NN hill_NN from_IN the_DT practic_NN squad_NN bring_VB back_RB seastrunk_NN and_CC make_VB foucault_NN a_DT starter_NN, 2
shit_NN 's_POS about_IN to_TO chang_VB around_IN here_RB, 1
my_PRP$ heart_NN dun_VBP got_VBN so_RB cold_JJ and_CC careless_JJ it_PRP 's_VBZ ridicul_JJ, 1
i_PRP 've_VBP collect_VBN gold_JJ coin_NNS ipad_NN ipadgam_VBZ gameinsight_NN, 2
i_PRP 'm_VBP go_VBG to_TO start_VB quot_VBG, 2
whatev_WDT fuck_VB you_PRP you_PRP a_DT charact_NN i_PRP still_RB love_VBP you_PRP though_RB, 2
he_PRP tryna_MD be_VB straight_JJ sexi_JJ but_CC like_IN he_PRP look_VBZ complet_RB gai_JJ, 2
pourr_NN someeee_NN sugaaaaar_NN on_IN meeeeee_PRP, 2
i_PRP do_VBP n't_RB like_VB how_WRB it_PRP feel_VBZ, 1
mathew_NN mccogunahei_NN is_VBZ so_RB unrat_JJ ya_PRP gmaa_MD d_VB, 2
same_JJ you_PRP can_MD download_VB her_PRP here_RB though_IN so_RB close_RB enough_RB, 2
hein_UH, 2
i_PRP 'm_VBP sorri_JJ you_PRP had_VBD to_TO go_VB through_IN that_DT, 1
your_PRP$ freedom_NN is_VBZ ti_VBN to_TO forgiv_VBG the_DT person_NN or_CC person_NNS who_WP have_VBP hurt_VBN you_PRP pg_NN iamremn_NN, 2
us_VBG nasa_JJ landsat_NN photograph_NNS thi_DT is_VBZ what_WP lake_NN arrowhead_NN look_VBZ like_IN todai_NN versu_CC mai_MD in_IN red_JJ katherin_NNP, 2