"has the voice of an angel Something In The Water is such a beautiful song","3","0.4500376584114188"
"gim me a minute then send er","2","0.4342916131479562"
"top show mate was going to apply but was working lol keep up the good work","3","0.7950577343258605"
"baby do a followspree as a thankful way bc of k and follow she 's trying so hard to be","2","-0.7173708988902073"
"hahathat might be the best reason to play it at","3","1.1786972869562338"
"Facebook Audience Network A cure for what ails you","2","0.05474452554744526"
"Studio all day everyday haha","2","0.7239321147940996"
"too bad the sox are n't playing the Giants","1","-1.4297702408030744"
"Hi Lou I love you so much And a follow would mean the world Plz ilysm","3","0.49320924608821015"
"I think some dudes in this program are mad I 'm not gay bc they probz wan na date me Sorry lol I like","1","-0.28682229142637716"
"Where do your neos take you FWIS hopefully to your bedroom","2","0.27834875102429524"
"phone calls from my Nonna are the best always when I need them most she calls","2","1.0748363478708889"
"I wan na be like this right now","2","-0.12569609275243382"
"i love you so","2","0.47334097160922906"
"SOOOO ME Lmao LETS BE CLEAR","2","0.0"
"Boys who sing to you on the phone","2","0.042928053150384476"
"verizon","2","0.0"
"Retweet to gain just follow everyone who retweets and follow back who ever follows you Follow to be next","2","0.8306590238549573"
"Every small decision defines us","2","-0.20089795102351324"
"CLICK THIS LINK TO GET A FREE amp ITUNES GIFT CARD","2","0.041666666666666664"
"Hanging Kitchen Towels Mixed Fruit Matching Pair by Debbie Crochets via pottiteam","2","-0.09090909090909091"
"I HAVE POST CONCERT DEPRESSION SO EFFING BAD","1","0.0"
"so much homework","2","0.1157468243539203"
"Your new single love it good job bae Steal My Girl","3","1.8515047449783084"
"when u feel cute but ur selfies are n't cooperating","2","0.42749028823571744"
"slide into the DMs like See Extended version on my instagram THIS SHIT HARD","2","0.3422498191386612"
"Being hungover is a type of sickness","2","-0.01965326140735589"
"make a wish before you rt","2","0.391649148109655"
"dm me please guys It 'll cheer me up a bit","2","0.28329582947777227"
"There is ONLY Jesus WARRIOR","2","0.0"
"STUDENTS CHECK OUT THIS SHREK WORKSHOP Irish Academy of Musical Theatre are now taking bookings for their West","2","0.6406482861400894"
"What do you think mummies are skeletons","2","0.025580921631886987"
"Events and Gatherings Strawberry Avocado Salad","2","0.0"
"The Clearly Unscriptural Role of the Super Pastor","2","0.0"
"I know who I want to take me home","2","0.6724097241590519"
"please do n't use ` ty ' instead of thank you it is very confusing how would you feel if your nickname were an acronym ty","2","0.5750449811989511"
"I fuck with myself cause in the end dats all I got","2","0.8028511129693785"
"There 's no limit to perfection now Crystal Casino is better then it was gameinsight iphonegames iphone","2","1.768010914819519"
"Katy perry tonight Prismatic World Tour","2","0.0"
"how many tracks","2","0.0"
"Amin Morning If there is no more hope Do n't forget you still have a MIRACLE at My Best Place pic","2","-0.4769888938407649"
"inlove with Sam smiths station on pandora","2","0.034090909090909095"
"e Music ditches major labels as it hopes to rule indie song downloads","2","-0.7992376787317145"
"I want so much shit","3","-0.19079956624231162"
"If you 're lucky enough to get a second chance at something do n't waste it","3","1.5819132666690312"
"Will be a gr S of Castle","2","0.014214613103130755"
"having a clean closet makes me feel some type of way","2","0.561540911427981"
"Fall","2","0.0"
"I 'm tryna go kick it with somebody","2","0.2302920483793966"
"White People Google Searches White People Google Searches Do black men have the biggest dick","2","-0.3795620179962882"
"who the fuck are you ugly cunt","1","-0.07644628099173556"
"morning dek","2","0.0"
"Hate","1","0.0"
"Oomf You cute as hell hmu","2","0.0033091393441287975"
"you 're funny lolz","3","0.06934306569343068"
"Les Twins","2","0.0"
"I swear me n bless just fell of hard","1","-0.478144140027747"
"When walk out when buss a save yaaaaaas","2","-0.17485567779904507"
"Snack time","2","0.0799522607053738"
"Boho rings Need Them All","2","0.0"
"Existential questions","2","0.0"
"fuck dat bitch","1","-0.3055555555555556"
"Be safe my fellow followers amp stayoffthetracks bnsf st Arlington Lions","2","0.35843673190464176"
"The foundation of a healthy relationship Trust and communication","2","0.5011182352962491"
"Drake been dope on diss tracks since he was dissing locals before he got big peep this Drake Good Riddance Verse","2","0.287338681301856"
"DISCOUNT CODE","2","0.0"
"Disney Princesses as Mean Girls","2","-0.125"
"pls jessica wont leave snsd","2","-0.006124167018819165"
"I so badly want to have a normal conversation with you again","1","-0.38086838885287744"
"How can the Most High of all gods our Savior and Creator Yahua be the one ordering your steps be the rock","2","0.6806018596580129"
"Hello how are you babessss im in hotel right now im so board","2","0.26349859420608757"
"Theyre always there","2","-0.02299605781865966"
"Sex and Candy alt","2","0.0"
"Gnna keep trying to make you happy forever","3","0.3744623760780512"
"My life without you has been great amp always will be","3","0.23634827596519406"
"EXPORT RESTRICTIONS The software is subject to United States export laws and BJK FB GOOAAALLLL","2","-0.10260199875329272"
"whats","2","0.0"
"I 've got ta realize I ca n't make everyone happy no matter how hard I try","1","0.3359737530390454"
"thanks boo","2","-0.07954545454545453"
"I did The Cowboys are explosive They have the best offense in the league","3","0.979342798085928"
"Taking it in the Ass Wednesday a peak at this week 's adventure Kisses Miss Bea","2","0.4599038417628496"
"summertime sadness","1","-0.5419708029197081"
"Christina NO do n't say that","2","0.12219138880792996"
"Plug talk","2","-0.056244260789715346"
"Are You Prepared to Grow smallbiz","2","0.0"
"she went from bill cosby to nicki minaj quick","2","0.0"
"people followed me and people unfollowed me in the last day Thank you app","2","-0.06471176101943138"
"how 's my girl this word sentence could make any girls day in seconds","2","0.3219940325142771"
"Photo shoot tomorrow","2","0.012693448465942482"
"Check out the roundish","2","-0.2904853741466336"
"I 'm still a bmobile user can u not hahahah belum tukar PCSB pls","2","-1.067735785298907"
"You 're a funny motherfucker but you do n't follow back as you 're numbers reflect x as many followers","1","-0.6133577080878698"
"Tryna get like me","2","0.3354494217462352"
"Another night of Ghost Hunting this Friday rd October St Catherines former hospital We are only the second","2","0.2917157503179893"
"A lesson in are n't u the lady from the corner Me Yes if u mean the lady that lives in the house on the corner","2","0.1348601933968672"
"Fans I wanted say thank u all your support Stay tuned more music n films We 're working on several projects so I 'll keep u updated","2","1.2060885627789222"
"Congradulations to the Byrd golf team for the Conference championship and Dylan Carr for the top individual Keep it","3","-0.07922727860496002"
"RIKU AND SORA ARE SO CUTE","3","0.0"
"bitches love to ride me like a damn scooter","1","0.35349541593814693"
"I was a Met Police officer once arrested for ATTEMPTED MURDER UK US","1","-0.01965326140735589"
"Stop worrying about someone that is n't worried about you It 's not worth it","2","-1.6733042647234502"
"you are so endearing please deflower me","2","1.0613636363636365"
"I just found out tho so it 's okay","2","1.2033782599128702"
"me and my friends did a word search during sos most intriguing thing ive ever done","3","0.3605735571426125"
"I recorded my hair this morning tonight Im watching the highlights Jay D","2","0.0"
"i 'm glad you understand what i mean keep on keepin on","3","-0.30190964174620927"
"K at them stanning for Chrissy","2","0.0"
"I 'm full but it 's just so good","3","1.606763955336314"
"I need to get away for a bit and forget about all the pain I have been put into","1","-0.22124598722606525"
"because we all love you and care about you thats why","2","1.5236162230454668"
"lmfao","2","0.0"
"school literally kills my vibe","1","-0.07025547445255474"
"DRAKE THE TYPE OF NIGGA TO GET SLAPPED BY HIS GIRL amp SAY I DESERVED THAT","2","0.041666666666666664"
"train your mind to see the good in everything","3","1.1034302172924626"
"Do you ask enough questions or do you settle for what you know","2","0.9119232466341858"
"Visual Meditation St Francis amp Wolf of Gubbio","2","0.041666666666666664"
"I swear I love he 's my best friend amp all that","3","2.5927446662920652"
"Mannnnnn I 'm beyond stressed out I hate school at this moment","1","-1.564456469788729"
"I miss flashpoint","1","-0.1093822271490245"
"When my crush thinks I 'm cute","2","0.33435912962514314"
"I swear my grandma ALWAYS has to bother shit that do n't have SHIT to do with her","1","-0.6230459238832045"
"wow I wish my school did this","2","0.42718685657266053"
"YES YES GOD I MISS THIS","1","0.0"
"She has a vacation home in the town I live in She 's very very soft spoken I did n't interact w her directly tho","3","1.092340079215528"
"what up wan na do a ten dollar order","2","-0.6399793697197886"
"I would totally bang myself if I was n't me","1","0.7081189105818831"
"my lips so big i actually got ta have two separate things of chapstick for each one","2","-0.20357033075616965"
"omgg I do not fucking feel good at all","1","1.0712637952821504"
"i wish i could wake up and this all be a dream","2","0.31421619222651587"
"school literally drains me","1","0.05474452554744526"
"Hate when this happens w ilovesickdrops","1","0.0"
"Before storing your patio furniture for the winter clean your cushions with baking soda and water to keep them smelling fresh","2","0.18669471587264547"
"Things to remember","2","0.08224009253554367"
"pretty sure you got me beat on the one sweetheart he winks and chuckles and looks back to her","2","0.8912262795898155"
"Khalil always lyin","1","-0.02299605781865966"
"Retweet if you wan na gain just follow everyone who retweets this and follow back whoever follows you follow","2","0.12356975235406763"
"Noooooo jesssiiii noooo i am fcking crying now","1","-0.47987261631511957"
"nobody thinks like me","2","0.3081589100477521"
"Describe yourself in one picture Dancer Probz facialsfordays Simpson County DYW","2","-0.04072897595026244"
"FOLLOW MEEE PLEASEEE I LOVE YOU SO MUCH lt x","3","0.0"
"I seriously love seeing ngl absolute fave","3","0.4754912523403246"
"Sabi do n't go there do n't make me start talking about Batman","2","0.49593939177145197"
"La Red Social One Direction Social Net He 's so cute omg","2","0.38636363636363635"
"So mad my mirror broke","1","-0.1906060606060606"
"I would post my MCM but","2","-0.003265731267874437"
"I do n't know how to work the DVD player","2","0.6980970343639087"
"il get lost tomorrow guaranteed","1","-0.379891570355211"
"Even when sad a Pisces has a funny cute face that makes it hard to tell if they really are sad and depressed","1","-0.8696244319010974"
"it was too much as a sub","2","-0.3622397703867689"
"SLEEPY MICHAEL","1","0.0"
"I have a new attitude fuck with it Or choose not to","1","-0.21483837709584508"
"After months of attacking FL water lawsuit for Apalachicola Bay Gwen Graham now supports it New day new flip flop same Gwen sayfie","2","0.07487619995201303"
"Niggas will tell you a lie then say What I got ta lie for","1","0.5776990052982331"
"I love you so much could you spend seconds to say me a hi this is my dream","3","1.010926189265566"
"I posted a new photo to Facebook","2","0.11092156045315703"
"let me go do my hw cant waste my time on petty bitches","1","0.07837158670924343"
"Vtg 's GOLD MEDAL Betty Crocker Bakers Service BAKERY RECIPES End Date Monday Sep","2","0.0"
"Reds ca n't stay with the status quo anymore","2","-0.0023601522520872173"
"i m the guy Arjumand Hussain who booted Rehman Malik from PIA p Uzmevde","2","-0.75"
"Stop romanticizing the idea of becoming so dependent on another human being you can not function adequately without their presen","2","-0.28474456040936247"
"Ca n't wait till Wednesday Buc N Black Out Buctober","2","-0.07142857142857144"
"American Tennis Hall of Fame set to come to north Iowa","2","0.1396613972854064"
"White Twitter Vs Black Twitter","2","0.0"
"he 's like","2","0.3081589100477521"
"Mahalo Tom And aloha to and all the others here at","2","0.5681818181818182"
"me trying to get my summer body me after this burrito ilovemexicanfood","2","-0.35907312466515323"
"GO LIKE AND REVINE MY LAST VINE AND TWEET ME A SCREENSHOT FOR A FOLLOWDM IM CHECKING RIGHT NOW","2","0.0"
"Lil man ate that hoe","2","0.0034744037065550216"
"My fitbit Fitstats for last week steps","2","-0.08177592624485133"
"happy Birthday","2","0.4809458218549128"
"she 's not in a boat She 's just half a body","2","-0.26044288875520805"
"happy birthday Carolineluv ya lots","2","0.4809458218549128"
"Every time birdman raps I Change the song bruh","2","0.0799522607053738"
"Eagles activate Lane Johnson from the reservesuspended list and release OL Kevin Graf","2","0.08848829659881591"
"I will walk past u miltiple times amp wo n't speak idc","2","0.266997684091957"
"patriots play tonight I wan na go somewhere amp watch chicken amp drinks anybody","2","-1.3714134394609385"
"Started from the bottom now we here","3","-0.04638550940189509"
"I have an addiction to tea","1","-0.0027672368190751195"
"Hope for a better world is not enough third world citizens must crush the external and internal forces of their exploitation","2","1.399981128711078"
"He still hits me up after I 'm like engaged amp preg Off the jock pls im happyyy","3","0.04190794287031151"
"okay roses are red violets are blue vin pweh lolo un cheww","2","0.6091619325665666"
"when you and your best friend say the same thing at the same time","2","1.4227092539280026"
"HUGE game tomorrow at home against Unionville for the boys soccer team Everyone be there at the Rustin Stadium","3","-0.3193903401898971"
"Since your purchasing issue has been going on for a few months please submit a ticket using this link","2","-0.12316054825686334"
"Keep your eyes out for Gregory Bush and call Surrey RCMP if you spot him Surrey Most Wanted","2","0.11174570740790873"
"I 'm innocent I do n't like this sexual talk","1","0.690793558957228"
"Double rainbow","2","-0.06818181818181819"
"LGBT weddings in Playadel Carmen LGBT gayweddings gaytravel gayfriendly","2","0.0"
"Ah sure why not BLOG time on CT site hope you enjoy Catchup Not Ketchup","2","0.16321903653251119"
"I guess I turned on the wrong burner","2","-1.564584382453328"
"Retweet to gain just follow everyone who retweets and follow back who ever follows you Follow to be next","2","0.8306590238549573"
"If women didnt exist all the money in the world would have no meaning Aristotle Onassis","2","0.16942917990288908"
"Follow me I always follow back True Follow Back Birdies Up","2","0.12499657520468377"
"link removed","2","0.0"
"HES LEAVING THE PHYSICAL REALM ON LIGHT TWEETDECK IM","2","0.0"
"hi Luke it would mean the world to me if you followed me you 're my sunshine and ily","3","-0.28994815159662285"
"SOOOO ME Lmao LETS BE CLEAR","2","0.0"
"for a little while He then looked back up at her waiting to hear her answer","2","-0.0745068852402873"
"i 'm literally yelling in different languages","2","-0.5284664830119374"
"hi Luke it would mean the world to me if you followed me you 're my sunshine and ily","3","-0.28994815159662285"
"maam im sorry but that baby was due today i dont care if its not done just turn in what you have","2","-0.07680407675723416"
"Makes sense Likely provides you a means for filtering more easilyquickly than manually searching groups Exec Career","2","0.29589369792240594"
"This is an interesting campaign","3","0.25"
"In a few months I 'll probably laugh at myself for caring so fucking much","1","0.3789402782750316"
"Check out this job Speech Scientist at Amazon in Gdynia","2","-0.32951066077386537"
"The stench in this cafeteria can only be described by one word Sied","2","-0.870074484583635"
"Aminnnn","2","0.0"
"follow me pls i love you","3","0.48450909021272115"
"Instead of being like Oh stupid white people stealing things from us remember that our cultures have changed due to cultural diffusion","1","0.3450542944768785"
"Currently still hungry ft no food in fridge","1","-0.7459237094699628"
"Jackie speak english please","2","0.42500000000000004"
"Story of my life","2","0.0035235317590437895"
"New listing in Mt Washington Heritage Creek Way","2","0.0"
"looking for very good players to play GBs TL","3","1.6291898373438087"
"UPDATE Boeing to shift some defense work out of Washington state sources WASHINGTON Sept Reuters B","2","-0.01822980027338423"
"its poisoning your mind","1","-0.08719121263585457"
"I honestly get my hopes up for something I know wo n't happen","2","1.0026830600900731"
"Had to text oomf Its been a while","2","-0.01965326140735589"
"i want to eat though i 'm not hungry at all","2","-0.6175403297005745"
"I almost just said Custer instead of Templin uglycrying Imissmy KAMSters","2","0.4938636340595038"
"on my way","2","0.03688644268200608"
"you have to refresh the page it does n't have real notifications yet","2","0.08988178395161009"
"keep in mind","2","-0.027989282359057288"
"but I wish I lived there","2","0.12244233102521526"
"Life would be so much better if I had a Calum follow","3","2.016371623690515"
"I hate how my mood can change quick","1","-0.9800738155499292"
"TOUCHDOWN JACK","2","0.0"
"if all goes well School schools been brutal so have n't been lifting as much","1","0.9866418167402499"
"You can be the richest man in the world but money will never amount to the happiness love can bring","2","0.535308012352812"
"Want me to block your number so you know what it 's like","1","0.7475946126853619"
"We all have that one friend that looks Chinese but isnt","2","0.6574886264749982"
"I think it worked I listened to it all THANKS FOR HELPING","2","0.6004862067255072"
"Happy th birthday I hope u had the best day","3","1.2949490079463442"
"my heros my love my everything can you please follow me I need that amp you please love you x","3","2.2982582250872565"
"who scored Lol","2","0.0"
"Art Prize Shortlist Live coverage happening now as jurors unveil their top picks","2","-0.1555862917349436"
"Zodiac Signs That Follow their mind Gemini Libra Aquarius Leo Aries Sagittarius","2","-0.019009394454036377"
"are red violets are blue someone loves you here 's a clue it 's me please follow me stealmygirl","2","0.025676789762702837"
"THOT this was funny","3","0.06934306569343068"
"Not everyday you score at Ibrox","2","0.15563596825169784"
"did you have mrhill for English","2","0.04924006245099788"
"of people will text things that they could never say in person","2","-0.2612366594317832"
"Scarlett pretty picture","2","0.07618047870318367"
"Civies Day Tues September Only appropriate wear that is NOT contrary to the Catholic Code of Conduct is acceptable","2","0.691462126596357"
"the most talented artists get the most hate","1","-0.4727094883015168"
"does it look like i care LMFAO","2","0.1936040922012"
"Guys always say that girls are confusing when they 're the confusing ones","2","-0.5758993839171096"
"some artists in other fandoms leak their own song yet fans have listened to and have n't said a word","2","0.10017346762584758"
"the only way i could do squats","2","-0.2833850801856229"
"People are like snowflakes If you piss on them they go away","2","0.5528335425271823"
"The Messenger of Allaah peace and blessings of Allaah be upon him said Allah is kind and He loves kindness Narrated by Muslim","2","0.5930489366004036"
"If you talk about it you care about it that 's why I keep my mouth shut","2","0.008853515834322034"
"love you","3","0.723340971609229"
"OKOK WTF JUST HAPPENED JACOB DMED ME BACK IN LESS THAN MINS","2","0.0"
"In Israel the title of the movie Cloudy With A Chance of Meatballs was changed to Cloudy With A Chance of Falafel","2","0.15062835860782608"
"You 're a of shit","1","-0.3129631175031661"
"Your views of the world are just that Find people who think like you and take over","2","0.8466718778597693"
"for for off single item and buy get two free beauty products My heart was like this","2","0.3941267060651528"
"No she does n't","2","0.0"
"Lmao I 'm gone","2","-0.281021897810219"
"Stop getting attached to people so fast because attachments lead to expectations and expectations can lead to disappoint","2","-0.12845605982077174"
"Do n't forget to enter our competition to win an outfit worth LIKE us amp SHARE this post FOLLOW us amp RT","2","0.47385116990533543"
"this is the saddest thing yet","1","0.02119687680765709"
"Smile looks so good that it hurts","2","1.093678792140053"
"that nap was heavenly","3","-0.018936737270304392"
"I ai n't trying to do what everybody else doing","2","-0.3930871032754384"
"Reddit AMA category sighted on Jeopardy","2","0.034090909090909095"
"PULL UP WIT DAT CHOPPA AND A TELESCOPE GRAAA","2","0.0"
"Brownskin women gtgtgtgtgt darkskin women yea got ta agree","2","0.344282710754859"
"Steal My Girl is here We hope you like it Let us know what you think Thank you for letting us do it","2","1.1252710004843411"
"I really want to meet harry Same Celine La Red Social One Direction Social Net","2","0.9537815273205587"
"Women who love women are the women I love","3","1.446681943218458"
"I invite you to follow is breaking World and UK news","2","0.0838669896138162"
"the way he 's sitting and tying liams shoe is so cute and sweet he 's like a child im a baked potato","3","0.7156552360584493"
"RETWEET THIS FOLLOW ME amp EVERYONE ELSE THAT RETWEETS THIS FOR FOLLOWERS FAST Team Follow Back Follow Be Followed","2","0.041666666666666664"
"say good nightmorning world pllllzzz miss this","2","0.7382114207107605"
"Do n't let society and today culture define you Be the type of person you want to be","2","0.4717887755013124"
"do you ever see a HOT and think Yep thats a h Ot once","2","-0.0852576465547154"
"sorry we split I have training that started minutes ago Whoops","2","0.01613996870328882"
"Yejinah how do you spend your time in Rainy Day","2","0.1632287937935718"
"Just rewatched hella interviews today Dude is just soo real it 's inspiring","2","1.2088498721333394"
"We 're closer to Independence than ever before Most unders voted Yes amp SNP membership is now x Lab so why stop ht","2","0.05083811235019907"
"Somebody text me","2","0.0"
"harry","2","-0.06818181818181819"
"I can tell Every time I refresh my page you appear with something else to say","2","0.2128883661918996"
"La Red Social One Direction Social Net dstalker btr were n't worldwide famous when the boys toured with them haha thats the difference","2","0.04288321167883208"
"nah Rob and Ranjeet both told me they hate you lol","2","-1.0"
"Just posted a photo Starbucks","2","-0.01965326140735589"
"it 's catch a guat season already","2","-0.028254954234096713"
"GUYS THERE ' S GOING TO BE A BABY DIEHL I AM SO EXCITED","3","0.0"
"everything","2","0.0"
"Hold shit down I do n't need no help","2","-0.352751852548983"
"And uncles","2","0.0"
"lmaooooooooooo man look You more wotless than me","2","-0.0011896161197780726"
"To celebrate reaching k followers on Soundcloud Im giving one of my tracks away Free Deep House gt","2","0.5141993145763648"
"New week fresh start We will be ready for Saturday family yeswewill","3","-0.14911082809427378"
"me every morning","2","0.041666666666666664"
"Just poured water on my face on accident because I AM AN ANIMAL","2","-0.6040848654995838"
"and i 'm not even home","2","-0.7450478351296353"
"TRUE","3","0.0"
"I just wan na be successful","3","0.44561472024882254"
"All most cut my damn finger off","1","-1.4864895420129534"
"it 's garfield","2","0.0"
"PLEASE MIRANDA FOLLOW ME e","2","0.13255716089213074"
"How i feel when i text first","2","-0.4179744184435943"
"Gary Puckett amp The Union Gap Over You","2","0.041666666666666664"
"Me getting up tomorrow","2","0.05335779255574594"
"I 'm that friend that will tell you to move on","3","0.21418069395599387"
"Woman found alive in trunk of car was tapping People walking heard it used brick to break window and free her","2","1.285906067264178"
"no I fell in love with you for you","3","-0.1413183957873646"
"Sad when people who have reached the end begin picking on others who are more intelligent and beautiful as is the case of had ugly g greer","1","0.5013922606637631"
"you 're disgusting and a joke of a human","1","-0.010394958188861478"
"So can I get my year book pictures already","2","0.20703503724592837"
"only kind of slightly obsessed Steal My Girl","2","0.6965160891448144"
"I 'll make it up to you I promise","2","0.36115726498693557"
"Harry sent a message to the Variety Charity foundation","2","-0.01965326140735589"
"you already got ta see me","2","0.1418393952228632"
"Oh Autopsy Jovan Belcher had CTE at time of murdersuicide in","2","0.0799522607053738"
"domowilson 's video","2","0.0"
"Want some shade on the Last Day Love each other for the sake of Allah Sevenundertheshade","2","-0.02425295975874614"
"thanks for everyone 's support please keep praying for Nikki she 's one of my best friends and I really want her to come back","2","2.1610032165239597"
"I fixed my phone","2","-0.11363636363636366"
"shouts BETTER TO REIGN IN HELL as Im escorted from the bar","2","-0.20153061224489796"
"Plot twist I said yes to drugs","2","0.2420301067354962"
"DYING LOL","1","0.0"
"In Israel the title of the movie Cloudy With A Chance of Meatballs was changed to Cloudy With A Chance of Falafel","2","0.15062835860782608"
"Every tomorrow has two handles We can take hold of it by the handle of anxiety or by the handle of faith Unknown Author quote","2","-0.32633579499858634"
"follow me pls i love you","3","0.48450909021272115"
"Metal Bands Underground Bloodbound reveals the artwork of their new album Stormborn","2","0.13057482186051292"
"You should check out this amazing comic Hotblood An amazing comic by STARLOCK inkblazers","3","0.9626265914908846"
"Sickest video of all time","2","0.648134078887192"
"It works","2","0.0"
"So what now She looks at him with the corner or her eye","2","0.2847867927207369"
"Grind for what you want it 's not just gone come to your doorstep wrapped in a pretty box","2","-0.3749946352503044"
"MAN I HATE HAVING A LIFE AND BEING BUSY ALL THE TIME i do n't have time on twitter anymore hope jacob still loves me","1","-0.3877288249260571"
"Before you kiss a white girl","2","0.010717461925693072"
"Surely I 'm not the only one that does this","2","-0.6880332681850307"
"Pumped on having a sled this winter","2","0.014437647683553205"
"I have n't seen that but have you seen across the universe movie i","2","-0.15151987509800424"
"Week of our Healthy Kids Running Series has a great kick off Check out the week photos","2","-1.1609986056381454"
"This weekends gon na be so good","3","1.1275466666505396"
"The TV Watch Selfie A to Z and Others Refresh the Romantic Comedy Several new network comedies attempt","2","0.13057482186051292"
"Ask me guyss","2","0.0"
"Egypt 's cabinet says it has no obligations to include women in the Supreme Committee for Legislative Reform","2","-0.23965936739659366"
"All a girl wants is chipotle and dick","2","-0.026310745337567092"
"How much does it suck that all of the bands you like seem to tour at the same time in the fall Cheap merch amp cheap ticket","1","0.7732771406642237"
"Check out our BAND DAY Show Video Great job musicians","2","-0.32951066077386537"
"American Apparel Hires Another Interim Chief Executive New York Times","2","0.0"
"shoutout to the bitches who hate bba we love yall too","1","-0.35999236172410426"
"should I change my cover photo to twat finger","2","-0.002436400508893776"
"I love the entire Turn Blue album I love it so much","3","1.671917818667269"
"Breaking Usairstrikes killed one of the most extremist cmdr osman salih alsho'aibi abo'u hamza on Kobani front Twitte","2","-0.04038345329860681"
"uh When you coming I deploy in November","2","0.1054421768707483"
"So Edelman has more that x more reviving yards than the next closest receiver","2","0.3522727272727273"
"follow she 's so nice and awesome","3","1.3019171717666285"
"The FCC Is Considering Rules That Could Change TV Forever","2","0.0"
"that 's when you know it 's real When he introduces you to his friends and he says this is my girl","2","0.6589447771970993"
"bitch do you want a free abortion tf","1","-0.457853584670331"
"The HAL blog amp ms Noordam were recognized for excellence in Magellan Awards T","2","0.9141476130359565"
"Was it something I said","2","0.0"
"Am I to late for the sky pics","2","-0.07650814695204733"
"Cam Girl Online","2","0.0"
"Only Allah can protect us from evil Amulets talismans and good luck charms have no place in the life of a believer","3","0.1000264966254908"
"Hater u suk Me lol blocks reports five times deletes comment","1","0.25272727272727274"
"what did I do I forgot","2","-0.006723466911802006"
"IM MUTING YOU IF I SEE SPOILERS","2","0.0"
"Or Delicious I ai n't calling no grown man Delicious","2","-0.23618496369003864"
"TPain was the man","2","0.0034744037065550216"
"like we did WE ' RE ENEMIES","2","0.3081589100477521"
"Castle Dungeon has been explored Are you able to reach it too androidandroidgamesgameinsight","2","0.15493181821714958"
"morningtoobigbos","2","0.0"
"idol breathes me can u not idol laughs me can u not idol sings me can u not idol talks me can u not idol","2","-3.175"
"Everyone might hate Del Zotto with a passion but I can not wait to see him play this season","2","-1.5673913409967626"
"I love my new phone","3","0.853915793469742"
"fuck you 're super cute","3","0.8013636363636364"
"Sitting here hoping my professor knows about the chiefs game tonight letusoutearly","2","-0.2301713950350405"
"Lakers media day","2","0.01706416522541995"
"GREAT NOW I CAN ' T SLEEP ALREADY","3","0.0"
"Check out my new video where do you find the time","2","0.25776529721798924"
"Next Sunday witchesofeastend","2","0.0"
"Happy birthday pretty","3","0.08333333333333334"
"Media Day is now underway","2","0.015648286140089417"
"phone calls from my Nonna are the best always when I need them most she calls","3","1.0748363478708889"
"Relationship Goals out of all the relationship goal pictures this is the one I wa","2","0.25100737505666965"
"I cared about one person and it fucked me up","1","0.15343256917693848"
"Calvert Country Life Vol No August Vintage Magazine Rare regional magazine","2","0.0"
"Search Pockets For That Last Fuck I Had To Give Nope Shit Disappeared With Shmurders Hat","1","0.0"
"Life can go to hell Landon","1","-0.005581312380815162"
"Brokers call for nonmajors to find points of difference","2","0.17666474419043982"
"So This convo that had nothing to do with me gave me a headache","1","0.14028993834750875"
"amp what if I told you to yo face that yo best man is yo best friend but yo best friend is my new man","2","3.5392366229051966"
"follow me I love uu","2","0.7345090902127211"
"New vine is up Like and Revine for a follow Comment your Twitter names when you 're done so I 'll know","2","0.7492765515932358"
"This link will lead you to the promise land my broadcast","2","0.1085530754103653"
"If you love someone in any way let them know now If you wait you may never get another chance","2","1.149455448887129"
"i miss you","1","-0.3593822271490245"
"people followed me and people unfollowed me in the last day Thank you app","2","-0.06471176101943138"
"Shame On Gerrys Group for firing Arjmund Husssain sahib If he is willing to work in real estate field I offer him LRE job","2","0.18356887947645895"
"But I 'm gon na be me","2","0.033867874510486645"
"actually I said your tryna be cute and shit I did n't tell you too Lol","1","0.241599068038032"
"close ur mouth open ur mind","2","0.021517842020576078"
"niggas on Maury be like","2","0.3761176936491478"
"Whoever stole my wallet Just now I hope y' all know that there IS cameras in the hallways and we will figure out who did it but good try","1","2.29858446920839"
"Alexis Raphael party Plan B tkts Free mix","2","0.0"
"Rt for indirect free cause bored I 'll you","2","0.01041428055848013"
"someone love me","2","0.723340971609229"
"is that what a tube of decent quality lipstick normally costs in the US","2","1.4019483964621324"
"Mason better come to quebec","2","1.880536882596636"
"Lyss Are you going to be cremated I want to keep you in my house in a vase","2","-0.5680018093023119"
"great minds always do","3","0.08238491793537675"
"Metallica 's Lars Ulrich ' Oasis has been the soundtrack to my life for the last years '","2","-0.07825239448580754"
"hi can you please follow my friend","2","0.509810985765787"
"my internet is in now can you facetime me k","2","0.015648286140089417"
"I hate people that sit on the computer all day and check everyone 's spelling and grammar Get a life Your annoying","1","-0.9427435449411494"
"Dont reverse the order First fulfill the obligatory deeds then move on to the optional ones priority","2","1.2129298007977436"
"Fresh trim and blowout hide ya wives","2","0.10225214420181335"
"How to Get over Him","2","0.375"
"old thing back","2","0.23375891007179553"
"It 's probably been years since my father left left me fatherless","1","-0.4276708692767087"
"If you 're a WWE fan let me know by giving me a RTFav Tweet Follow so I can follow you WWECHICAGO WWE RAW RAWChica","2","1.0775568224862653"
"finishing gossip girl is the most depressing thing I 've ever done","1","-0.819612483562061"
"Home","2","0.0"
"Everybody misses you when you look good","2","1.08901477231372"
"Hope SN","2","0.0"
"Hi amp i lost your follow and im hoping that you 'll refollow me soon x","2","-0.6876806301168686"
"Northwest golf roadstates","2","0.0"
"Fly Nigga With A Scarf On For No Fucking Reason","2","0.0"
"Online booklet connects youth with nonprofit volunteer opportunities","2","0.20752589265448987"
"He only likes me because I give him treats","2","-0.05390671835019531"
"BEST FLAVOR Period","3","0.0"
"I 'm berry Sorry","2","0.0"
"DLittle Secret HES SO FUCKING CUTE bbu Mgji M La Red Social One Direction Social Net","3","0.0"
"State Supreme Court to address jail overcrowding Mass Incarceration Albuquerque NM","2","0.13253413946144577"
"He has been my favorite character from the begining proffesor Snape harrypotter","3","0.36037547296578415"
"what happens on this storage hunting program","2","0.034090909090909095"
"Need ideas for dinner","2","0.0"
"Bruh last retweet is me","2","-0.08177592624485133"
"Okay Hannibal Save the best for last I guess","2","0.9934126946580553"
"Wondering how to grow on twitter I gained follower in the past day This is the app","2","-0.08520856204730734"
"sheepish sniffing","2","-0.02272727272727273"
"that 's why I was gon na c u I 'm like why the hell he being a creep lm Aooo you want me to be a creep soo bad","1","-1.64068260837562"
"Everybody got a story to tell","2","-0.0192731295452088"
"well i am a funny person","2","0.4956585425099991"
"The Kochs the greatest American criminals of the last century via","2","0.8614058919369669"
"benedict cumberbatch does n't deserve an oscar","2","0.5"
"i Bet you if she smiled right now she 'd sound like a bag of Cool Ranch Doritos ripping open","2","0.4840858091236854"
"Serious","2","0.0"
"awwe blushing xx","2","-0.375"
"Taco Bell amp Play Station Team to Give Away Over PSs Again pslifestyle","2","0.041666666666666664"
"Tip close windows to avoid letting the wifi","2","0.15767284760870143"
"Job Alerts Get new jobs in New York by email","2","0.03966573095142201"
"Dreaming can not live up to the actual feel or reality","2","-0.36403997667999155"
"but then you get to see me","2","0.41912990692134633"
"I lose all respect for you after you talk down to a girl that used to mean everything to you","1","1.0811564378394454"
"who tf is Bria I was so on to you who is Bria","2","0.034090909090909095"
"NAH KEEP THAT PUSSY","2","0.0"
"to win Kontrol Freek Specters Must follow and to win Four winners announced Friday","2","0.41323624512417334"
"After a long break I am finally able to give blood again I 've had all my vaccinations so can now book myself in","2","0.6930032390790912"
"All I want is you S","2","-0.013236534500421733"
"Ha ha together you will be green","2","0.32450148332591355"
"Legs dead af","2","-0.39438229167126804"
"When will you be back","2","0.23887420711215618"
" Tis the season friends Bring on October what a festive time of year pandora","2","0.0449008572940365"
"dundro can lick my dick","2","0.028293135435992586"
"Sorry for the next few posts","2","-0.022727272727272728"
"Hope for the future hope for the best","2","1.2693814413603801"
"Workout Health How To Lose Weight To Gain Abs Beauty Diet","2","0.0"
"this dog is cuter than i 'll ever be","2","-0.350401664323054"
"I 'm weak asf","2","-0.1488640120486071"
"When you get invited to a party","2","0.007637250291127232"
"Responsable web marketinghf","2","0.09398867718347846"
"DICKS Sporting Goods released their top selling NFL team jersey 's by state","2","-0.07366155014426207"
"How 's college going","2","-0.56"
"I got points while escaping from a Giant Demon Monkey Beat that","2","-0.01965326140735589"
"I am the head never the tail above never beneath","2","-1.000419579106636"
"Amazing Book Loving Peeps Follow","2","0.0"
"AM is the most common time to wake up in the middle of the night","2","0.18222615010747412"
"Your opinion of me is highly irrelevant","1","-0.507681613968396"
"whatsup","2","0.0"
"Enjoyed i ` view of David Cameron on newsnight immensely Was so tired of aggro questioning amp curtailed answers","2","-0.09623460683301474"
"Them ppl who quote you with pics like ohhh u smoke weed ur so cool lol Nobody asked for ur opinion nigga u ca n't tweet","2","-0.024310341125708235"
"Interesting report on tobacco industry from Four Corners looking forward to nd part quit quitline","2","0.1332841925935367"
"I 'm so hungry","1","-0.06818181818181819"
"My bad in the hood we only have gangsta music and oldies","2","-1.302557702696028"
"Dirty South Unbreakable Elephante Remix You Tube","2","0.0"
"See tracks Think train bnsf stayoffthetracks st Arlington Lions","2","0.011921424383582775"
"Entry for SIMA Image Awards is now open Details","2","-0.1373099971703081"
"The car is backkkk","2","0.0"
"we have to agree on a time instead of going back on our word like we always do","2","0.1272674904228347"
"Counting down the days until January acceptance round","2","0.2117774847389365"
"Rooney Not bad for a supporting striker","3","-1.2524538052407335"
"when ur already having a bad day and then someone u hate tries talking to u","1","-1.974026003651677"
"So pretty","3","0.08333333333333334"
"Media Day is now underway","2","0.015648286140089417"
"Beauty Tips amp Deals Dr Ci Labo Herbal Gel O Oxygen Charge g oz Skincare","2","0.041666666666666664"
"Listen to this while staring this","2","0.11363636363636363"
"LRT is so accurate I 'm never the one to give up so easily until I had enough","2","0.37519827979901765"
"Just ca n't wait to get my new phone this one is killing me","1","0.5528606408103118"
"Every Game Counts Every FAN Counts Show Your Stripes","2","0.0"
"do n't regret anything because at one point it was exactly what you wanted","2","-0.6643356962115157"
"I 'm bored","1","0.022727272727272728"
"if a girl does n't have a big ass or boobs guys act like she undatable guys are lucky we ca n't see the size of their","2","0.12445677095450591"
"you should see that","2","0.016839395222863207"
"well that is n't my problem aj","2","0.4185964754502016"
"girls that call there friends out on things in front of boys to make themselves look better are my least favorite peop","2","2.2170903813774814"
"We Need Khilafah Not Democracy and Liberal Capitalism Follow Indonesia Congress of Muslim Students Okt","2","0.0"
"I do n't think anyone understands how jealous i am at people that get to see on a daily basis I hella miss he","2","-0.4125728351856288"
"Theres a few reasons few y Drake is the best in my opinion Main is that he has no box amp no bubble Hes never confined himse","2","-0.19421602115062517"
"LITERALLY","2","0.0"
"Everything is funnier when you 're with your bestfriends lt","3","0.0"
"first crush benny the jet rodriguez","2","-0.1605647281812606"
"Call me old fashioned but I would rather hear your voice than read your text","2","0.3339365534340831"
"In desperate need of a milkshake right now","2","-0.31324458459350635"
"Happy birthday to the coolest aunt out there octomom","3","-0.2904853741466336"
"I like them both equally","3","0.22482557671441877"
"I posted a new photo to Facebook","2","0.11092156045315703"
"Are these cookies cookies","2","0.0"
"haha kenny even im proud","2","0.323933541139857"
"It 's only right fuck it up best","2","1.6884038463188098"
"Another terrible week ahead of me","1","-0.6507742853271915"
"I hate the idea of anyone else having you","1","-0.9678055190538765"
"all these largo people I follow nobody knows wtf","2","0.9543499367853103"
"daily reminder that your fans in Argentina love you guys lt Son geniales","2","0.56425006251832"
"When you 're high af at the school game","2","-0.19004308419622395"
"yes and callum and michael but not ashton","2","-0.375"
"Media Day is now underway","2","0.015648286140089417"
"You left two quarters for me Thanks for feeling generous and let me get a cookie at lunch","2","-0.15874327976001168"
"This week on twitter No new followers via","2","0.164665730951422"
"Just meant to star your tweet but my finger slipped amp I ended up starring it retweeting amp showing up at your front doo","2","0.9310638849098152"
"ATamp Ts congestion magically disappears when its signing up new customers","2","0.19150837199201642"
"good bye my lover good bye my friend","2","2.276000451442401"
"New vine is up Like and Revine for a follow Comment your Twitter names when you 're done so I 'll know","2","0.7492765515932358"
"When I see your face there 's not a thing that I would change cause your amazing just the way you are","3","-0.09448089901506578"
"wtf why are you so hot","3","-0.010022707527128255"
"If your ass only in the th or th tell the truth","2","0.289582643341513"
"The FCC Is Considering Rules That Could Change TV Forever The Federal Communications Commission","2","0.0"
"I just wan na wipe him away from my life","2","-0.22889181102551887"
"hi miranda please follow me ilysm baby","2","0.31116811860349214"
"Funny because Paramore had a lawsuit against them for ripping off The Only Exception from an unknown band but","2","-1.5288529893791167"
"Smile You deserve it I promise","3","0.6022727272727273"
"How Else Are You Supposed To Look How of you niggas look in a bucket hat","2","-0.16068091759732536"
"Save the Date October","2","0.0"
"Ok haha is a lot i just threw a number out there I do n't want yall to wait all day I 'll be home soon and then I ' l","2","0.5764432137861308"
"Ok got it min","2","0.0"
"Have you seen the Official Teaser for heartfuckinghurts Ca n't wait for you guys to see the Offici","2","-0.05458917620570823"
"more days until Christmas","2","0.0"
"Steal my girl is in countries The whole fandom rn The DFandom SLAYS","2","0.6060606060606061"
"New phone so text me with your name and number cause I do n't have any contacts","2","0.017970405052190164"
"Off to school","2","0.05474452554744526"
"Do n't try to act like I 'm some kind of fool because girl I bet I can educate you Team Big Head Ctfu","2","1.5383968722307577"
"Music Meet SOS if u see this pls rt it 's mine and entry by rt ` ing u will help us meet sos","2","0.7807400010512464"
"Class is not something I 'm looking forward to right now","2","-0.3352885243815328"
"cal L ME NOONA AGAIN MO A NS","2","0.0"
"By choosing a good spouse you will be rearing your children well before their birth marriage Life Lessons","2","1.9512847156811295"
"that made me mad ASF like nobody wan na hear your sob story stfu","1","-0.8398930716373669"
"Phew today was a long day buses and a train weee","2","0.2135342777473764"
"Why pay more Quality amp dependable Cymbalum Fast Delivery Buy now Cymbalum","2","0.4219750802461808"
"I 'm so tired im gon na fucking collapse in a heap nd die maybe","1","-0.08156663521936536"
"Bel Heir Kiss The Devil remix","2","0.0"
"Awe I did n't know they were separated LPBW","2","0.509676010684891"
"It gets a little crazy in tonight 's new Austin And Ally Head 's upget it One Of The Best Puns IEver Made","2","-1.2716913797654832"
"Who remembers making websites on tripod geocities or angelfire","2","0.034090909090909095"
"Chris Martin rides the rollercoaster with daughter Apple and son Moses in Santa Monica","2","0.0"
"Some people are only hot because they 're funny","3","0.029863211301384487"
"miss you too boo","1","-0.31771556048235783"
"Sica leaving SM Did SM kick her out or its her decision to leave Can someone tweet me the link of her weibo update I 'm curious","2","-0.4272926485154188"
"teen in various tights gets fucked and cum teen porn video xxx pussy sex free","2","0.749081074745932"
"bad investment","1","-1.346436907469741"
"I hate you so much","1","-0.8842531756460797"
"when your favorite teacher yells at you","2","0.29545454545454547"
"to you and to us Weare Harmonizers I found these pictures ' proud","2","0.20454545454545456"
"staying till thursday","2","0.0"
"An electronic revolution in the doctor 's bag","2","-6.468052615615991E-4"
"Real over fake Never trust a snake","2","-0.7094210947422879"
"The godly care for their animals but the wicked are always cruel","2","-0.40793862185647906"
"true definition of attention seeker","2","0.669057189031765"
"Sum people are juss to fckin lame","2","-0.22727272727272727"
"his hair is dark again","2","-0.33948042383442717"
"i just wan na go to bed at this point tbh","2","-0.1629675531170805"
"I swear all they know is SLAY","2","1.2677404869376527"
"Want to go to Paradise Watch this video to learn how to get there","2","0.3102962950515924"
"I hate that I always look at the negative in things for self security bcus it keeps me from doing what deep down insid","1","-2.0293639519276834"
"GOOD VIBES ONLY","2","0.0"
"Guh I was typing fast lol my bad but you got a phone yet","2","-1.3296935226631108"
"I really wish senior year could become more exciting because honestly this year is becoming such a pain in the ass with sc","2","0.7693933563968937"
"when you and your best friend say the same thing at the same time us las","2","1.4227092539280026"
"Daily Mail Willian I feel I have kill a lion every time I wear a Chelsea shirt to prove myself","2","-0.07335096898575508"
"Hey therewe hope you had a gr day But if notwe offer this and we are","2","0.1512837618532507"
"Schedule Day at PFW SS fashion Moda trends Runway Show parisfashionweek paris","2","0.06802721088435375"
"A very clean SLS by mercedes sls amg slsamg v supercar hypercar fastcar car insta","2","0.7159207195923195"
"Miranda Lambert The House That Built Me","2","0.0"
"you heard this before","2","0.125"
"Some failures only come to teach you the art of patience Donald Duck","2","0.7342981856863516"
"Chance to win Gift Card A winner every month richmond northvan vancouver Still time to win","2","0.5455848641116998"
"Most girls will NEVER tell you how they 're feeling BUT they 'll tweet the hell out of it","2","-0.47449272909327617"
"imma call you up so you can help me out","2","0.06793683822424074"
"I will not allow an angry parent email or a More Things INeed To Do email to ruin my night EDTSparks","1","-1.2831673808147903"
"I love how you and can cook and bake things in your kitchens at the same time Blows my mind","2","0.7560776932704774"
"Canadian wrap up video of Indigenous and tarsands activists at Peoples Clim","2","0.09502445922241261"
"You cant just come into someones life make them feel special and then leave","2","1.2244099010937581"
"f UCK ME","1","0.0"
"Nice legs Turn On","2","0.25"
"Finally beddd","2","0.0"
"You know you really love someone when you do n't even hate them for breaking your heart","2","0.8556991373021451"
"Second ceremony Mrs Clooney outshines new hubby","2","0.19057482186051294"
"Yo who remembers flat stanley","2","0.002010402340693593"
"With Gamer Gate going on I 'm happy that will use integrity in their journalism Take notes","2","0.5403754968814636"
"On God","2","0.0"
"Happiness does n't depend on any external conditions it is governed by our mental attitude","2","-0.011668394260623167"
"openfollow for rp single","2","-0.057064554004254774"
"I fucking hate a person that likes to bring up what they do did for you","1","-0.9342476055188744"
"Joseph Fauria says he hurt himself trying to stop his puppy from peeing in the house Also his puppy is adorable","2","-1.0988816282494218"
"If crewy does n't accept mary im gona be pissed that application was solid","2","0.029433948313343228"
"You might not like Obama but this is badass Merica","1","-0.4418410899522479"
"fuck yes","3","0.5"
"In in Japan ` bushusuru ' literally ` to Bush ' became slang for ` to vomit ' after George Bush Sr vomited in the Japanese","2","-0.18861977438619776"
"THis is how it happens I can see it","2","0.016839395222863207"
"This little light of mine I 'm going to let it shine This little light of mine I 'm going to let it shine This","2","-2.2532683045929103"
"fuck sakes","1","0.25"
"Out A Pocket By Icey Flirty amp Mark Millz by LAF UNIT ICEY FLIRTY","2","-0.04924242424242425"
"do you have a Facebook","2","0.022863334131839982"
"Missin lacrosse like crazy right now","2","0.007592798614706901"
"Ok sending a troubleshooting link do n't forget to change the device to what you use Chari W","2","-0.07222895501279908"
"Either way he was only able to raise before Look for white supremacy to hold a Kickstarter for him this time","2","0.3598556597255184"
"so you not hooping Lol","2","-0.625"
"And if you are going through any hardship Know that Allah truly values who you are","2","-0.5862539256894306"
"happy birthday my brother I love you","3","1.2196174986765818"
"A Brandy A Tara D maddy D lex D britt D Fayth D kylie D majo D abby E Bea E Dani E Brianna","2","0.0"
"tbh I am","2","-0.01824817518248175"
"rt if ur proud","2","0.20454545454545456"
"Never underestimate the power of the Fitz Beard Week Pregame Speech EPIC MUSTSEE","2","-0.632352196720095"
"GUCCI MANE IS DROPPING ALBUMS FROM JAIL BUT YOU CANT TEXT BACK","2","0.0"
"r we the same person","2","-0.001377410468319557"
"Come on can Florida 's weather drop degrees and get rid of the humidity","2","0.3467968794472068"
"Side nigga","2","0.0"
"Weight Loss Management Do you want to lose weight but have no idea how to manage your weight loss goals","2","-0.6306632775223164"
"Making up things like National Coffee Day","2","0.4031833692701647"
"Pet Gifts Dog Gifts Gifts for Dog Lovers Personalized Pet Gift Words with Boards","2","0.0"
"Just posted a photo","2","-0.01965326140735589"
"Amazing bathroom","3","0.0"
"Ignore me Ok that 's cool just do n't be mad when I do it","1","0.48847099935009863"
"Happy birthday love youu","3","0.723340971609229"
"u sure","2","0.22528093717410494"
"LOL thanks champ I love you","3","0.7006136988819563"
"ight fuck it ima My Space u my number all homo tryna see what that white girl be like yaaaa meannnnn","2","1.143974596106029"
"YOU DIDN ' T LEARN","1","0.0"
"current mood","2","0.0"
"c Can u share your gold with me","2","-0.027828774187551225"
"hey this was a subtweet to you tbh","2","-0.01965326140735589"
"I need me a just Alicia hha","2","0.4229518692507873"
"Naturally hungry oss","1","-0.06818181818181819"
"I REALLY LOVE UR VOICES they are different and special I love it PLEASE FOLLOW ME u guys are one of my favorites","3","0.941528010956897"
"that 's flaw bra","2","-0.08394160583941605"
"somebody tell him bombing people is like umm murder esp when they thousands of miles away","1","-0.5545486035476549"
"I 'd ask her why her parents named her","2","-0.04983500106995893"
"I 've been listening since yesterday so shush child","2","0.030000000000000006"
"MYVIEW MUCH NEEDED AFTER A LONG DAYS WORK ME","2","0.0"
"When you high at a party and you pass a mirror","2","0.20418063545547116"
"I feel this tweet","2","0.04112665187208106"
"And b myself thank you all for everythin an standing by us we really are","2","0.5697517594158609"
"who now lol","2","0.015648286140089417"
"s and I 'm on top of da","2","0.02785633121587608"
"aww that 's so cute","3","0.38636363636363635"
"My pride wo n't let me cry","1","-0.06504653676097755"
"When I tell people my age they look at me like","2","0.4785859287852744"
"hey my dear you could follow me I love you so much","3","1.586341257794842"
"Just because you are n't the patient at a hospital does n't mean you should n't contribute to the smokefree environment keep your lungs clean","2","0.7991595442924303"
"Rock ' N ' Roll Children","2","0.0"
"we share birthdays boom","2","0.06014167484920746"
"has it gone","2","-0.281021897810219"
"mlp Diego","2","0.0"
"Strategic Innovation Planner Beverages North America needed in Englewood Cliffs apply now at Unilever job","2","0.13183452869583412"
"Life might not be working out for me right now but those little daily bursts of ecstatic happiness keeps me going","2","-1.9518713035800066"
"I did","2","0.0"
"Ok haha is a lot i just threw a number out there I do n't want yall to wait all day I 'll be home soon and then I ' l","2","0.5764432137861308"
"Guys a big shoutout for She is awesome and you guys should follow her this is for u bud","2","1.04405544495938"
"She 's not the brightest bulb in the litter shitkianasays","2","-0.6541970802919708"
"Such a nice rainy day in Colorado Nice for a change tired of degree weather","3","0.0282926660080092"
"listens to taylor swift once","2","0.05474452554744526"
"Pocket Solar energydriven process could revolutionize oil sands tailings reclamation","2","-0.05760767874060008"
"WHAT OTHERS SAY War in Syria puts US in uncomfortable position","1","-0.5260852485039127"
"Like when is my knowledge of subjectverb agreement really going to come in handy in a real world situatio","2","-0.5623197400690165"
"We are excited to announce that will be our featured performer at our dinner buy tixs here","2","0.5701535374424272"
"The friendliest people in the world are in Central Asia Make your plans to visit us now","2","-0.37636060446226544"
"idol does follow spree follows eggs and random girls everyone","2","0.5011681186034921"
"Someone buy this baby owl and I 'll love you forever","3","1.1621647898165512"
"News Just click this link you will know how to get twitter followers Day here","2","0.7612331437330431"
"Quoteofthe Day The true work of art is but a shadow of the divine perfection quote Michelangelo","2","0.6936420585765772"
"Oh I remember now I think I need to rewatch Breaking Bad","2","0.07893426381796152"
"RETWEET if you want me to release a little preview of my new song nobody so you can get a taste of how it sounds","2","-0.5545491386318555"
"How To Make An Origami Elephant by Origami Spirit There are many origami elephants but t","2","-0.09090909090909091"
" Liam unfollowed Ashton ' ' Zayn unfollowed Ashton and Luke '","2","0.0"
"Vote Now The all new English Australia Journal Aus ELT article discussion group is ready to go Aus ELT TESOL IATEFL","2","0.8875526455307826"
"the american flag has never looked so good","3","0.6464609013229237"
"Niggas to broke but pressed bout pussy EXACTLY","2","0.0430440771349862"
"Stop getting attached to people so fast because attachments lead to expectations and expectations can lead to disappoint","1","-0.12845605982077174"
"A woman is only vulnerable when her nail polish is wet But even then she can still pull a trigger","2","0.18556202505210523"
"I should have taken a picture with the recruiter","2","0.09061576459531051"
"Pepperidge Farm remembers Not sure what life was like before TI amp Young Thug 's About the Money","2","0.5786300456475675"
"When u lose ur stingray but then u find it again","2","0.6007282526317921"
"smiles","2","0.0"
"So who 's tryna go to Life In Color on the th of October It was one of the best nights of my life when I went in Tulsa","2","1.4056024132594418"
"What Should Play Next on The LAKE or Motels Vote np","2","0.034090909090909095"
"i ca n't believe north west was front row at paris fashion week","2","-0.15029512037186354"
"ok foreals forealsgym tonight","2","0.625"
"Jamesy","2","0.0"
"i honestly do n't believe that darksydephil is that bad at video games then again i did n't believe an asian could be a neona","1","-1.151413407517412"
"u know i can use twitter search and find out that you have done the same right","2","0.778191414072772"
"Me looking for R","2","-0.04166666666666667"
"Ben in the throne from Game of Thrones","2","0.0"
"I just love talking to ya","3","1.092204605668733"
"ARMAGEDDON LONDON","2","0.0"
"what a mean box this is no place for bullying","2","-0.5706321958699703"
"Hey roses are red violets are blue can you follow me and make my dreams come true xx","2","0.5523985332573201"
"Funny and stupid Facebook chats","2","-0.56"
"I added a video to a playlist There Must Be More To Life Than This Freddie Mercury Guitar Chords","2","-0.03930652281471178"
"who agrees that i need to shoot with again","2","-0.24689838826875143"
"SOMEONE BAE ME UP PLS","2","0.0"
"WWE Raw Open Thread From Chicago Live Results amp Discussion","2","0.041666666666666664"
"ik ure not talking to me when i say that but thank you","2","-0.8710851442802681"
"Just bought two watermelons for my ol video and I 'm gon na film it with two other melons aka","2","-0.27318640955004597"
"And while you 're at it would you mind telling the other guy to do a puny god stunt with a couple politicians down here","2","-1.199002593365988"
"Will forever love that picture of me and my pits","2","0.7161881169790794"
"Come back plz","2","0.13682451441985133"
"DM ME PLEASE","2","0.0"
"Only person who I can say other than one more person that knows what 's going on and tries to help me","2","-0.5225767013909578"
"GUYS ITS ON Steal My Gir I","2","0.0"
"Happy th birthday to my soul sister cant believe im not there doing jagers with you love u forever miss u see you soon xxxxxxxxx","3","-0.0441636065162979"
"idk y she do n't like me","2","0.30143544313595005"
"What 's your fave Okanagan winery Just back from a wine road trip for a Ni CHE travel feature would love to know what BC wine you love","2","2.267309723978338"
"I wish I could put on lip balm in public without judgement","2","0.1145097195107282"
"Holy crap I want this tattoo lol Disney Ink","2","-0.21778198904587628"
"free ass","2","0.13731523370480422"
"My mind wo n't process this image","2","-0.06201580855598329"
"Bust the adjuster button on my beardy trimmer thing Fuck sake","2","0.037595964555478076"
"Smile Because","2","0.0"
"being single is fun until you have no one to talk to at night","2","-0.29283354205056855"
"Is herself a brand of silicone Lil ' Kim is so full of herself","2","0.02170029595599086"
"I miss you See you Sunday","2","-0.1093822271490245"
"except Trey","2","0.0"
"being single is fun until you have no one to talk to at night","2","-0.29283354205056855"
"SMH THE FEDS GOT MURIEL","2","0.0"
"How to Effectively Beat A Red Light Camera Ticket via","2","0.0"
"Being called babygirl or my girl is the way to any girls heart","2","0.014251385289902972"
"wow so retro","2","0.375"
"Me Turd and Juan are going to do a podcast about Destiny","2","-0.4943924970445194"
"Niggas always acting like bitches","2","0.41016285222909243"
"My mind wo n't process this image","2","-0.06201580855598329"
"my sacred place","2","0.15429858493768311"
"where tf is my wig tho","2","-0.041666666666666664"
"Hi my sunshine Your smiles changes my life Thanks for this I 'll always love you Please follow meits my biggest dream x","3","0.7350586186175985"
"Da fuck did i just read","1","0.7457686439657638"
"Somewhere in my car Keith Urban","2","0.0"
"Salem kids here tryna tell me their shit 's fire Yeah because half the shit u smoking arent stems foh with that weak shit","1","-0.9983977766735879"
"September at AM","2","0.0"
"captaineo my fave costume this year He 's here to change the world earworm LBCC","2","-0.4826248359580925"
"HE CAN ' T BE STOPPED","2","0.0"
"i see some heavy Miller blocking in there","2","0.0209039853193424"
"Back in the saddle again","2","0.0"
"Listening to old WBTPs with judgements Very funny","3","0.1724142791590428"
"ega panic I love you you love life","3","0.9805085052805321"
"when you and your best friend say the same thing at the same time","2","1.4227092539280026"
"Check out this awesome site Scott Rohns Creati","2","0.4595146258533664"
"Physiology So basically premed","2","0.5"
"Joy as Jigawa airport takes its maiden flight to Mecca","2","-0.20093847854015984"
"I am cute","3","0.3681154611811546"
"do n't lose yourself trying to find someone else","2","-0.2923588506436463"
"Fake DMs will be the death of me","2","0.007587565353723527"
"La Red Social One Direction Social Net Did Liam break his arm h Qfy Cp UL","2","-0.08103650561888064"
"Go order the hottest items from and use the promo code LM","2","0.045260960520818565"
"Hi my sunshine Your smiles changes my life Thanks for this I 'll always love you Please follow meits my biggest dream x","3","0.7350586186175985"
"Ok haha is a lot i just threw a number out there I do n't want yall to wait all day I 'll be home soon and then I ' l","2","0.5764432137861308"
"needed that nap","2","0.1060632627296956"
"BBC ' Horizon ' programme on gendered brain differences","2","0.13783240568954858"
"how much will the deluxe pre order cost","2","0.6893053825754608"
"if you have n't won your division in years and it looks like you not gona win it for another","2","-0.8109223184891616"
"kudos to anyone actually reading the odyssey you da real mvp","2","1.3018928099081624"
"s babies what up doe","2","0.09502445922241261"
"and I wan na rub you all over with butter like you a piece of wonder bread lmao okay I 'm done","2","2.1159737309092663"
"Fun time home On to more travel now","2","0.10616462512142533"
"happy birthday kaep makin cuantekksimuetts eakk","2","0.4809458218549128"
"SHOOTING TOMORROW WITH","2","0.0"
"When bae says goodnight but you are n't tired yet","2","0.09551551280314322"
"every college student ever","2","0.041666666666666664"
"First tshirt out of Derek Jeter 's drawer on his first day of retirement Michigan via","2","-0.19843137014597992"
"the moment I wake up before I put on my make up I say a little prayer for you","2","-0.1386196654195661"
"If my homies do n't fuck witcha I DONT FUCK WITCHA that 's exactly how everybody should be","1","0.3821444075986846"
"lmao You so crazy I made it myself","2","-0.494505476988995"
"That 's a crazy ass story Sucks you had to deal with all of that","1","-0.011142372370786413"
"Caitlyn did n't take long to change her background","2","0.5288119952249416"
"On a date with this beauty datenight","2","0.35604286247065614"
"somebody give ross some combat boots pls i miss when he wore them","2","-0.3617229550968869"
"xxx movie Hot lesbians engage in muff diving xxx anal milf i Pad usa","2","-0.3970031656789909"
"OMG YES FINALLY SOMEONE SEES IT TOO","2","0.0"
"Destiny is amazing","3","0.27272727272727276"
"asksam how do you feel knowing you 're going to be on your first tour","2","-0.45565094748402807"
"Plot twist u feel the same way","2","0.034574881730354674"
"no contact but I 'd be happy to reach out","2","0.16308079944137382"
"Final chance to enter our Dior Jardin contest We draw today To enter follow amp amp","2","0.8519242304832503"
"Kisses and cuddles would be so good rn","3","1.1275466666505396"
"Cool","3","0.0"
"The past doesnt matter anymore its all about the now","2","0.4766087859210849"
"JUSTIN AND PATRICK ' S BATTLE TO THE DEATH WAS JUST TOO FUNNY AND CUTE EMABigges Fans Justin Bieber","3","0.0"
"do n't do it","1","-0.013446933823604013"
"I ca n't wait to travel the world with someone I 'm in love with to get to wake up to them everyday amp share an adventure wit","3","1.007208727823023"
"Under Armour Men 's Under Armour Alter Ego Camo Superman TShirt","2","0.0"
"Check out this job Healthcare SAP FICO or SD Senior Consultant at Pw C Philadelphia","2","-0.32951066077386537"
"Style Setters and go together like chocolate andanother very fashionable kind of chocolate","2","2.013878057968904"
"if i saw slowdive live i 'd cry uncontrollably","2","-0.38331608569104736"
"I hate when ugly bitches DM me","1","-1.371900826446281"
"Keyon be breathing hard asf in his snapchat videos lolstg","2","-0.2989409249946463"
"I wish","2","0.12244233102521526"
"do tell then","2","0.3883675716520534"
"TCP Scan port source IP","2","0.0"
"got a crazy busy week coming up ahh","1","0.09491598912356111"
"Attending events where evil and haram things are committed will weaken our faith Let 's be firm on our deen and stay away from such events","1","0.12289809790286815"
"ended thank god","2","0.3910697887970615"
"Ayeeee his too wavey fammmmm","2","-0.08333333333333333"
"Scroll Fast Rt if it turn Purple","2","0.0025372330598434495"
"If a teacher hands you the test back like this you know you failed","1","1.3361071382996035"
"I do n't know any mayoral candidates in Pickering with a clear community engagement strategy other than","2","0.9673305847139391"
"Chase Hawley vs Jacob Busch from Sudbury Wolves at Oshawa Generals Sep","2","0.0"
"I 'm listening to I Wan na Sex You Up by Color Me Badd on Pandora pandora","2","-0.056818181818181816"
"Lord have mercy","2","0.11247922145231194"
"this nigga racks cant be dead doe onlife","2","-0.3678787038770109"
"So Yall Just Dont Give A Fuck No More Huh son of a bitch","1","-0.5752088169629115"
"message me tomorrow because I 'm off to sleep to try get rid of this flu haha","2","0.009678115989275593"
"Editing audio for Watch Dogs today and it 's all buggy CLEARLY THE HACKERS WANT ME SILENCED The Only Logical Explanation","2","0.4848484848484849"
"Baby be my diamonds and gold","2","-0.03814661997444149"
"Oh Lort I 'm done with this week already","2","0.125"
"MT Saturn 's clouds swept by highspeed winds topping mph kph","2","1.2840909090909092"
"Sorry to hear that young boy died today","1","0.3198483909933001"
"no down","2","-0.18264009080857027"
"Skeleton in a skirt haha '","2","-0.01965326140735589"
"Happy birthday to the coolest person I know Hope you 're having a kick ass day love you bb","3","1.3613079743426844"
"From boardwalks to the surf to boogie boards Whats yourtake Let 's see your shore and beach views pictures","2","-0.056153305507063794"
"your rude she is naturally pretty","2","-0.18973075144276205"
"Out Kast Brings Out Erykah Badu At ATLast","2","0.0"
"RETWEET if you want me to release a little preview of my new song nobody so you can get a taste of how it sounds","2","-0.5545491386318555"
"Press here to help Save The Arctic gt","2","0.18118006466855996"
"You 're the first person I want to talk to when I wake up and the last person I wish to see before I fall asleep","3","0.02555654979388644"
"Memories are the hardest","1","0.0"
"off to schooooooool","2","-0.9407832764906985"
"cc Sydney is hot as fuck","3","0.11497729247287175"
"Losing my fuckin patience with everyone","1","0.4090909090909091"
"Quit hating poser Why why why","2","-0.043795620437956206"
"I WONT GIVE UP I REALLY NEED TO MEET THEM PLEASE PICK ME More Seconds Of Summer","2","0.0"
"Just thought I let you know you wont get me replaced","2","0.6938948293050589"
"for rice s damn why am i pour","2","-0.9009135277887017"
"HARRY is a joy of curls and loveliness","2","1.3326194658653714"
"Listening to Steal My Girl like Steal My Girl The DFandom SLAYS","2","0.3081589100477521"
"Things worse than a Monday Jets Fans Cowboys Fans See and","1","-0.6073199280740225"
"I 'm really enjoying it so far It 's different I hope you like it too","2","0.9764570429364455"
"OMG CHEF MICHAEL SMITH IS VISITING ABBOTSFORD IM GOING TO GO SEE HIM","2","0.0"
"Taking the Barber State Exam next week","2","-0.022727272727272728"
"Why Why not Not undressing in front of my homeboys","2","-0.6658982410694031"
"Excited to be heading to Melbourne to represent in the together","2","0.41460468895427155"
"ur the reason why my heart beats fast jk bitch it 's the cocaine","2","-0.4658790829100675"
"The new One Direction song is absolute fire","2","0.03984804950838466"
"ON GOOD MORNING AMERICA OH MY GOSH","2","0.0"
"And we 're off","2","-0.9407832764906985"
"Yes I am nasty lol","2","-0.5485512054855122"
"Great to see FIFA Records acts The Vincents amp Elastic Sleep being picked as ones to watch by Billion People","2","-0.042507039253480455"
"Dear Lord give me the grind to by this thing cash this year Amen BMWi","2","-0.33040273456983604"
"tell me this ai n't true lex","2","0.6580046271926568"
"Babies are blessings","2","0.0"
"Dreaming is the first step that you have to make While the act is the next step that you have to do","2","0.32651213036201243"
"And thank you for ALL OF THE CONGRATS amp POSITIVITY to Team Impala GISHWHES is nothing without kindness highroad nolosers","3","0.20590024330900245"
"I hate everyone","1","-1.0"
"Here is the video that Justin posted onto Fahlo","2","0.0"
"Alright so this Friday homecoming will properly be purple and gold Retweet Tell your friends Roll Tribe","2","0.2800351982073767"
"juyjyttpwwwclickdreamscombr","2","0.0"
"Time to fill it with drug induced friendships and memories amp hardcore porn","2","-0.479647738074803"
"Squad goals","2","0.0"
"you 're the first and last of you kind","2","0.393429572782539"
"exactly Lmao there is stuff but I have to be taken","2","0.26544044419662116"
"Me Against The World these neegas are very disrespectful to me","1","0.7916666666666666"
"On a girl I 'd take eyes and smile over body all day everyday Eyes are a must for me","2","2.120887041313741"
"you are n't southern","2","0.0"
"A lot of bitches hate on me amp I know it","1","-0.2799018155564903"
"serbian superleague red star radnicki blazarov jlorentzen","2","-0.06642012579894035"
"no you will have fun with you love Hug","3","0.6558480103928968"
"The past doesnt matter anymore its all about the now","2","0.4766087859210849"
"Bluelt Orange","2","0.0"
"Jessi Just wake me up from this nightmare plz","2","0.023164267289947374"
"the american flag has never looked so good","3","0.6464609013229237"
"New vine is up Like and Revine for a follow Comment your Twitter names when you 're done so I 'll know","2","0.7492765515932358"
"Like I ca n't deal what so ever right now I 'm crying in my office in front of patients","2","-0.028777057331635117"
"awwh im gunna miss you Jessssica","2","-0.1093822271490245"
"how is batman","2","0.0"
"Mortgage Specialist Vancouver job wanted in Vancouver National Bankof Canada","2","0.37006562246367736"
"you dont have to be She has k and Is famous in gaming and your hotter than her I can make you famous","2","1.1219680154532803"
"das a nigga onna side of a side bitch homie","2","-0.5990072197205718"
"We need Revival all overall the world Amen","2","0.10025664811379104"
"maybe he just wanted out Maybe they were convinced he would n't come back from injury Idk but I know I would have kept him","2","0.5322657539343414"
"cute","3","0.38636363636363635"
"yall always comes in clutch idk how she does it but I think she 's like my guardian angel","2","0.32435429311437924"
"First Snow Yosemite National Park California autumn","2","0.0"
"when bae is winning an argument so u pull out some old stuff","2","0.24638371206978138"
"Watching frozen","2","-0.15982362021408508"
"Show me off like this and I 'll be the happiest girl ever","3","-0.5826867031353982"
"My interview on Estonias President on Whether His Country Will be Putins Next Target The answer is NO","2","0.055727285719482"
"The true meaning of ' BAE '","2","0.7629135886288014"
"Does this even exist anymore Haha","2","0.16105475326106913"
"Thousands march in Rome in pro Palestinian rally via","2","-0.019327568432269685"
"May Allah grant you all the opportunity to perform hajj one day Ameen","3","0.5912332992241452"
"they be on some low key scheme stuff","2","0.23010186096604973"
"And ai n't nothing wrong with it at all twerk that shit but not for every mans eyes to see baby","2","-1.6459404339261512"
"In Japan Christmas Eve is a time to eat strawberry shortcake and fried chicken","2","-0.44451499998376764"
"Lo keep screenshotting me","2","-0.008979887905020913"
"New vine is up Like and Revine for a follow Comment your Twitter names when you 're done so I 'll know","2","0.7492765515932358"
"Amazing Hotel Room","3","0.0"
"was surprised with the last page Zee 's reaction","2","-0.19585744768520916"
"Ima stop acting like a lil bitch","1","-0.1485267473717164"
"But asshole I MISS YOU","1","-0.36363636363636365"
"If someone who creates art is an artist then is someone who raps a rapist Do I kiss good CLICK HERE","2","1.6747725496947128"
"We 've got Star Wars moms and zombies Daily Comet","2","0.0"
"if this headache would go tf away that would be great","2","0.5459499799587855"
"and I are from the Bronx and we 'll mess you up","2","-0.004555543487247321"
"HAHAHA HARRY WHAT THE HELL WHO LET HIM DO THIS Charlotte NC via tumblr","2","0.0"
"The Knick","2","0.0"
"CNBLUE Mfor Im Sorry BOICE we need to reach the million views for I 'm Sorry MV","2","0.024902025278076105"
"I just want to sleep all day","2","0.982539749632987"
"GO WATCH Ask Nash Nashs New Video Nashs New Video Nashs New Video Nashs New Video Nashs New Video Na","2","0.0"
"Sy Jessica I was excited about our upcoming fan events only to shockingly be informed by my company and others t","2","0.35117929866805075"
"Age has no direct link to life experience and maturity You may be young but you 've already been through a lot","2","-0.23077250753322023"
"Own your life Ask me how","2","0.0035235317590437895"
"Wiz need to go back to that kush amp oj style of rap","2","0.1500861078988992"
"I 'm just thinking last year at this time i would be with my team ri","2","0.6509078430305129"
"Dear colleges if I unsubscribe from your email list that does not mean send me real mail","2","-0.5964925974722306"
"Why is Orlando and Florida both trending This state does n't get anything popular so why is it trending","2","0.0997867259482911"
"Talk to God erryday","2","0.0"
"So true Experts dont know all that much more than regular people And they have biases themselves about what they believe","2","2.224839011303341"
"To those who make scifi TVmovies this is what real scientists who have just launched a Mars mission look like","2","1.0959431570417113"
"I ca n't not ma problem b","1","-0.5762326828541635"
"Jasminejp is out Stories via","2","-0.2904853741466336"
"Even crush Love do n't last anymore","2","-0.14050389989514653"
"I did it on purpose","2","0.023142003981420044"
"that 's hysterical","2","-0.09090909090909091"
"Never look down upon any good deed for you know not which deed can grant you Allahs Mercy and Paradise","2","1.3483347212134502"
"thanks twinniee","2","0.04545454545454546"
"ACCURATE STEALMYGIRLGOTLEAKED stealmygirlisperfect","2","0.0"
"At first Im like Yeah the world is in trouble At the end Im pumping my fist via","2","-0.4547891233763537"
"every episode","2","0.041666666666666664"
"I legit miss Tuphearur G","2","-0.1093822271490245"
"this is actually me everyday","2","0.3166058394160584"
"Organize EVERYTHINGAbout Your Life I mean everything babe My Life And Body Is ACorporation","2","0.03760659292892462"
"says he misses every day Shay","1","0.05873083189208661"
"Mates for years had arguments and physical fights but shes still my bae x bestieforever","2","-0.4240895454328025"
"Earlier","2","0.0"
"Everyone head over to Orange Leaf Pizza tonight of your purchase goes to  Domestic Violence Awareness","2","0.42404516467691994"
"La Red Social One Direction Social Net htlikepayne THE SASS Pic via The DHot Seat d DFWr Zzr X","2","-0.05474452554744526"
"I do n't understand how come GOP congsen do n't work get paid amp is winning in the polls Can someone explain this me Vote democrat vote","2","1.0089829748119326"
"Ok haha is a lot i just threw a number out there I do n't want yall to wait all day I 'll be home soon and then I ' l","2","0.5764432137861308"
"Search Cap Google Panda Losers Right To Be Forgotten amp Googles th Birthday","2","0.041666666666666664"
"FAV if you would wear these Order this","2","-0.19469658071838425"
"at pax v me","2","0.0"
"The i Heart Radio Music Festival was EPIC in person amp will be incredible on TV Watch on on Mon amp Tues night at","2","0.027381926760030324"
"dear management please just let zayn design the merchandise sincerely the one direction fandom","2","1.5704784687012239"
"years ago today started the best TV show ever One Tree Hill","3","1.4503826599519714"
"The only honest people in the world are small children and me after a couple cocktails","2","-0.4725181067448939"
"Houston girls do it better","3","1.8685186007181698"
"Sweater season just does n't provide the same gym motivation as swimsuit season","2","0.3446338743510286"
"Thank You sis Have a gr week all TY","2","0.5485285567744623"
"Drawn Together The Complete Second Season DVD Disc Set Checkpoint","2","0.0"
"Lol ill stick to that come dance that ass over here","2","-0.8414612384496183"
"This weather though","2","-0.24104683195592289"
"i love making someone smile or laugh just because i never know what they could be going through","3","0.49496032812219465"
"The purveyors of fear are feckless when reality hits Just be prepared and you wont need to be so skeerd Pookie h","2","-0.6826674741209526"
"another season of basketball aka getting lectures from my dad and getting sympathy from my mom","2","0.5982382216323823"
"Used Ford Edge SEL Plus FWD in Eastlake Willoughby Willowick Wickliffe Mentor Mentor on the Lake","2","0.034090909090909095"
"Also this is my announcement of no longer getting used or being taken advantage of cheated on or treated like shit any","1","0.44498066200325803"
"Take advantage of every opportunity you get It could be your last one","2","1.0111956330478986"
"do n't worry You 'll do fine","2","0.41663240181035804"
"Our homie stopped by the Shots office today","2","0.14393939393939395"
"A RAPE CASE IN COURT","1","0.0"
"People got me FUCKED UP","1","0.0"
"besides they are mainly run by hypocritcis who believe n democracy like Haitham Haddad","2","0.2946539550704831"
"Pet Gifts Dog Gifts Gifts for Dog Lovers Personalized Pet Gift Words with Boards","2","0.0"
"The beauty of a woman is seen in her eyes because that is the doorway to her heart the place where love resides Audre","2","1.3087223370004817"
"BREAKING Five counter terrorism raids underway across Melbourne suburbs ref ABC News","2","-0.5051917052406086"
"LOL She 's another concert off my list","2","-1.0657832764906985"
"SCOTT COLE amp CHRIS PETERSON WIN and FACILITY TEAM CHAMPIONSHIP at WHITE BEAR YACHT CLUB htt","2","0.041666666666666664"
"relax yo Always so snappy and shit lmao sheesh nbs","2","-0.3547374223202329"
"Long day","2","0.01706416522541995"
"Resign Robert Lester sign Stephen Hill from the practice squad bring back Seastrunk and make Foucault a starter","2","0.5182863199011958"
"shit 's about to change around here","1","-0.1713044579588061"
"My heart dun got so cold and careless it 's ridiculous","1","-0.9246976660469706"
"I 've collected gold coins ipad ipadgames gameinsight","2","-0.07201449448492814"
"I 'm going to start quoting","2","-0.5589311688100708"
"whatever fuck you You a character I Still Love You Though","2","0.3179949388311555"
"he tryna be straight sexy but like he looks completely gay","2","1.7910005518317753"
"POURR SOMEEEEE SUGAAAAAR ON MEEEEEE","2","0.0"
"I do n't like how it feels","1","0.30143544313595005"
"Mathew Mccogunahey is so unrated ya gmaa D","2","0.0"
"same you can download her here though so close enough","2","0.4421081093166904"
"Hein","2","0.0"
"I 'm sorry you had to go through that","1","-0.11351125584618812"
"Your freedom is tied to forgiving the person or persons who have hurt you Pg iamremn","2","-0.6919250559203796"
"Using NASA Landsat photographs this is what Lake Arrowhead looks like today versus May in red Katherine","2","0.27800739489623694"