"i","495"
"the","456"
"to","392"
"you","355"
"a","329"
"and","242"
"my","217"
"is","195"
"me","195"
"of","185"
"in","176"
"this","165"
"for","156"
"so","134"
"on","127"
"that","112"
"be","109"
"it","104"
"im","102"
"like","96"
"your","95"
"with","95"
"are","91"
"at","86"
"just","84"
"when","81"
"follow","80"
"dont","76"
"love","76"
"all","76"
"if","74"
"have","73"
"back","72"
"amp","69"
"can","62"
"do","61"
"out","61"
"what","60"
"not","59"
"up","59"
"day","58"
"now","57"
"everyone","57"
"new","56"
"was","56"
"get","54"
"but","52"
"u","51"
"one","48"
"k","46"
"how","46"
"know","45"
"from","45"
"its","45"
"who","44"
"want","44"
"until","44"
"by","43"
"no","42"
"following","42"
"good","41"
"life","39"
"youre","39"
"time","39"
"hit","39"
"please","38"
"will","37"
"see","37"
"we","36"
"best","35"
"or","34"
"people","34"
"always","34"
"ill","33"
"about","32"
"there","32"
"her","32"
"need","31"
"go","31"
"he","30"
"here","30"
"why","29"
"then","29"
"only","29"
"hate","28"
"make","28"
"girl","28"
"as","28"
"much","28"
"cant","27"
"would","26"
"twitter","26"
"lol","26"
"going","26"
"they","26"
"last","26"
"same","25"
"an","25"
"shit","25"
"say","25"
"world","25"
"am","24"
"never","24"
"off","24"
"them","24"
"has","24"
"happy","24"
"fuck","22"
"wanna","22"
"our","22"
"got","22"
"video","22"
"more","22"
"thing","21"
"man","21"
"us","21"
"mean","21"
"been","21"
"some","21"
"x","20"
"someone","20"
"look","20"
"ever","20"
"had","20"
"him","20"
"hope","20"
"she","20"
"tell","19"
"doesnt","19"
"because","19"
"girls","19"
"his","19"
"their","19"
"person","19"
"thank","18"
"thats","18"
"too","18"
"cute","18"
"come","18"
"every","18"
"today","18"
"over","18"
"week","18"
"really","18"
"done","17"
"right","17"
"still","17"
"than","17"
"home","17"
"haha","17"
"night","16"
"watch","16"
"did","16"
"feel","16"
"white","16"
"things","16"
"could","16"
"ive","16"
"friend","16"
"think","15"
"via","15"
"music","15"
"way","15"
"ok","15"
"even","15"
"wait","15"
"before","15"
"guys","15"
"real","15"
"most","15"
"bad","15"
"d","14"
"check","14"
"were","14"
"let","14"
"miss","14"
"sleep","14"
"keep","14"
"god","14"
"free","14"
"again","14"
"first","14"
"sorry","14"
"already","14"
"ass","14"
"social","14"
"tweet","13"
"team","13"
"being","13"
"work","13"
"give","13"
"great","13"
"hi","13"
"funny","13"
"red","13"
"thanks","13"
"change","13"
"birthday","13"
"better","12"
"lot","12"
"down","12"
"dog","12"
"year","12"
"stop","12"
"next","12"
"while","12"
"ur","12"
"school","12"
"yes","12"
"soon","12"
"heart","12"
"gifts","12"
"number","12"
"other","12"
"any","12"
"shes","12"
"yall","12"
"job","12"
"little","12"
"after","11"
"retweet","11"
"season","11"
"nigga","11"
"another","11"
"rt","11"
"hes","11"
"having","11"
"talk","11"
"everything","11"
"bitch","11"
"well","10"
"two","10"
"away","10"
"mind","10"
"myself","10"
"long","10"
"wont","10"
"followers","10"
"wrong","10"
"looks","10"
"win","10"
"very","10"
"link","10"
"these","10"
"wish","10"
"gonna","10"
"tonight","10"
"okay","10"
"take","10"
"song","10"
"photo","10"
"show","10"
"lmao","10"
"should","10"
"hard","9"
"direction","9"
"house","9"
"baby","9"
"beats","9"
"facebook","9"
"used","9"
"else","9"
"il","9"
"amazing","9"
"hell","9"
"yo","9"
"help","9"
"blue","9"
"live","9"
"pet","9"
"pls","9"
"hot","9"
"radio","9"
"friends","9"
"true","9"
"something","9"
"fans","9"
"fast","9"
"where","9"
"phone","9"
"vine","9"
"enough","9"
"big","9"
"said","9"
"s","8"
"others","8"
"threw","8"
"text","8"
"made","8"
"use","8"
"everyday","8"
"arent","8"
"swear","8"
"net","8"
"black","8"
"such","8"
"play","8"
"didnt","8"
"game","8"
"oh","8"
"fucking","8"
"gotta","8"
"old","8"
"th","8"
"tv","8"
"ya","8"
"revine","8"
"talking","8"
"days","8"
"anymore","8"
"trying","8"
"find","8"
"face","8"
"comment","8"
"nice","8"
"steal","8"
"reason","8"
"through","8"
"harry","8"
"boys","8"
"tomorrow","8"
"theres","8"
"chance","8"
"buy","8"
"e","7"
"women","7"
"picture","7"
"lets","7"
"try","7"
"times","7"
"does","7"
"finally","7"
"though","7"
"whats","7"
"gift","7"
"share","7"
"tryna","7"
"sure","7"
"looking","7"
"dm","7"
"literally","7"
"la","7"
"vs","7"
"type","7"
"names","7"
"wake","7"
"cause","7"
"friday","7"
"followed","7"
"yet","7"
"light","7"
"smile","7"
"idk","7"
"posted","7"
"niggas","7"
"nothing","7"
"call","7"
"mood","7"
"care","7"
"bitches","7"
"daily","7"
"sad","7"
"eyes","7"
"sex","7"
"getting","7"
"break","7"
"morning","7"
"nobody","7"
"idol","6"
"h","6"
"n","6"
"w","6"
"y","6"
"tho","6"
"laugh","6"
"matter","6"
"says","6"
"state","6"
"havent","6"
"lil","6"
"allah","6"
"past","6"
"may","6"
"goals","6"
"believe","6"
"remember","6"
"into","6"
"open","6"
"forever","6"
"word","6"
"end","6"
"happens","6"
"media","6"
"retweets","6"
"news","6"
"crush","6"
"few","6"
"faith","6"
"excited","6"
"somebody","6"
"fun","6"
"lt","6"
"second","6"
"hear","6"
"pretty","6"
"omg","6"
"single","6"
"damn","6"
"date","6"
"aint","6"
"without","6"
"october","6"
"must","6"
"found","6"
"hey","6"
"meet","6"
"favorite","6"
"movie","6"
"years","6"
"body","6"
"ask","6"
"epic","6"
"kind","6"
"album","6"
"front","6"
"bae","6"
"underway","6"
"high","6"
"makes","6"
"story","6"
"doing","6"
"tired","6"
"drake","6"
"click","5"
"turn","5"
"gold","5"
"b","5"
"making","5"
"gone","5"
"order","5"
"crazy","5"
"save","5"
"top","5"
"full","5"
"water","5"
"boards","5"
"mad","5"
"band","5"
"relationship","5"
"many","5"
"stay","5"
"apple","5"
"sunshine","5"
"mon","5"
"lose","5"
"eat","5"
"nashs","5"
"hungry","5"
"against","5"
"unfollowed","5"
"honestly","5"
"around","5"
"wanted","5"
"maybe","5"
"tour","5"
"might","5"
"fan","5"
"gain","5"
"bc","5"
"justin","5"
"id","5"
"follows","5"
"breaking","5"
"seen","5"
"country","5"
"cool","5"
"proud","5"
"york","5"
"young","5"
"american","5"
"guy","5"
"pic","5"
"gameinsight","5"
"events","5"
"ppl","5"
"weight","5"
"vote","5"
"put","5"
"september","5"
"clean","5"
"comes","5"
"calls","5"
"together","5"
"since","5"
"actually","5"
"wonder","5"
"pictures","5"
"listening","5"
"post","5"
"fucked","5"
"ago","5"
"theyre","5"
"using","5"
"art","5"
"asf","5"
"babies","5"
"both","5"
"kiss","5"
"words","5"
"beauty","5"
"deep","5"
"tues","5"
"place","5"
"lead","5"
"goes","5"
"tbh","5"
"car","5"
"ready","5"
"half","4"
"c","4"
"m","4"
"p","4"
"r","4"
"ticket","4"
"taking","4"
"woman","4"
"loves","4"
"spirit","4"
"cut","4"
"moment","4"
"jacket","4"
"start","4"
"dad","4"
"minutes","4"
"smiles","4"
"under","4"
"forward","4"
"likes","4"
"exactly","4"
"mercy","4"
"bruh","4"
"incredible","4"
"money","4"
"mom","4"
"ashton","4"
"personalized","4"
"instead","4"
"cloudy","4"
"super","4"
"feels","4"
"expectations","4"
"catch","4"
"bring","4"
"grow","4"
"peace","4"
"whos","4"
"search","4"
"food","4"
"da","4"
"wow","4"
"image","4"
"watching","4"
"feeling","4"
"dream","4"
"head","4"
"ol","4"
"sitting","4"
"email","4"
"st","4"
"pandora","4"
"started","4"
"tf","4"
"support","4"
"leather","4"
"blog","4"
"everybody","4"
"remembers","4"
"working","4"
"plz","4"
"difference","4"
"anything","4"
"yesterday","4"
"travel","4"
"pussy","4"
"beat","4"
"group","4"
"clear","4"
"festival","4"
"hoe","4"
"sometimes","4"
"tracks","4"
"michael","4"
"able","4"
"forget","4"
"fair","4"
"anyone","4"
"fall","4"
"quote","4"
"isnt","4"
"porn","4"
"close","4"
"couple","4"
"fave","4"
"act","4"
"kick","4"
"those","4"
"book","4"
"shot","4"
"crying","4"
"bout","4"
"joy","4"
"stupid","4"
"national","4"
"dear","4"
"awesome","4"
"party","4"
"views","4"
"corner","4"
"side","4"
"sign","4"
"son","4"
"sos","4"
"different","4"
"boo","4"
"box","4"
"boy","4"
"once","4"
"seconds","4"
"children","4"
"weather","4"
"wear","4"
"ugly","4"
"lovers","4"
"hair","4"
"hall","3"
"pics","3"
"tfb","3"
"left","3"
"violets","3"
"g","3"
"o","3"
"t","3"
"block","3"
"went","3"
"famous","3"
"biggest","3"
"christmas","3"
"jello","3"
"teacher","3"
"cry","3"
"beautiful","3"
"piss","3"
"probably","3"
"killing","3"
"purple","3"
"fashion","3"
"lie","3"
"kevin","3"
"dogs","3"
"page","3"
"teen","3"
"manage","3"
"enter","3"
"eyebrows","3"
"dat","3"
"shoutout","3"
"senior","3"
"mine","3"
"test","3"
"brown","3"
"month","3"
"title","3"
"ignore","3"
"babe","3"
"helping","3"
"jesus","3"
"doe","3"
"sewer","3"
"knows","3"
"main","3"
"met","3"
"due","3"
"tonights","3"
"quality","3"
"animal","3"
"fell","3"
"supports","3"
"star","3"
"needed","3"
"lord","3"
"apply","3"
"step","3"
"whole","3"
"loss","3"
"lost","3"
"enjoy","3"
"opinion","3"
"perfection","3"
"google","3"
"guess","3"
"learn","3"
"weird","3"
"official","3"
"leave","3"
"jail","3"
"bored","3"
"turtles","3"
"jake","3"
"special","3"
"family","3"
"told","3"
"shouldnt","3"
"release","3"
"nah","3"
"everytime","3"
"islam","3"
"dance","3"
"arlington","3"
"israel","3"
"happened","3"
"stuff","3"
"dick","3"
"halloween","3"
"letting","3"
"shine","3"
"headache","3"
"af","3"
"hurt","3"
"fly","3"
"interview","3"
"de","3"
"won","3"
"ff","3"
"ft","3"
"class","3"
"starbucks","3"
"gr","3"
"gt","3"
"practice","3"
"four","3"
"wtf","3"
"wwe","3"
"months","3"
"nd","3"
"code","3"
"pm","3"
"rn","3"
"pull","3"
"ty","3"
"rules","3"
"changed","3"
"fandom","3"
"gay","3"
"problem","3"
"obsessed","3"
"exist","3"
"north","3"
"own","3"
"origami","3"
"send","3"
"stories","3"
"groups","3"
"zayn","3"
"vancouver","3"
"list","3"
"child","3"
"coffee","3"
"lady","3"
"period","3"
"understand","3"
"coolest","3"
"monday","3"
"xxx","3"
"almost","3"
"lake","3"
"bush","3"
"lane","3"
"walk","3"
"thinks","3"
"actions","3"
"giving","3"
"refresh","3"
"thingy","3"
"basically","3"
"jacob","3"
"windows","3"
"youll","3"
"chris","3"
"confusing","3"
"miranda","3"
"absolutely","3"
"sounds","3"
"process","3"
"soooo","3"
"answer","3"
"questions","3"
"promise","3"
"hold","3"
"train","3"
"america","3"
"underground","3"
"ilysm","3"
"fine","3"
"seriously","3"
"film","3"
"mess","3"
"online","3"
"coming","3"
"hows","3"
"five","3"
"update","3"
"hopes","3"
"finger","3"
"fake","3"
"ninja","3"
"washington","3"
"trust","3"
"happiness","3"
"message","3"
"age","3"
"spot","3"
"aka","3"
"read","3"
"tattoos","3"
"looked","3"
"minute","3"
"thought","3"
"english","3"
"app","3"
"boho","3"
"taken","3"
"yourself","3"
"name","3"
"mouth","3"
"omfg","3"
"style","3"
"card","3"
"move","3"
"gets","3"
"bag","3"
"homecoming","3"
"bet","3"
"luke","3"
"contact","3"
"lucky","3"
"dinner","3"
"fresh","3"
"bit","3"
"sentence","3"
"sky","3"
"brought","3"
"thinking","3"
"office","3"
"amen","3"
"current","3"
"artists","3"
"idea","3"
"kid","3"
"kim","3"
"normal","3"
"ones","3"
"reach","3"
"weak","3"
"site","3"
"match","3"
"pretend","2"
"pick","2"
"legs","2"
"sake","2"
"role","2"
"roll","2"
"golf","2"
"commission","2"
"amys","2"
"l","2"
"witcha","2"
"v","2"
"tip","2"
"export","2"
"gona","2"
"sand","2"
"walked","2"
"watermelons","2"
"knolls","2"
"cheek","2"
"blocks","2"
"room","2"
"kenny","2"
"gosh","2"
"rainy","2"
"gained","2"
"considering","2"
"ctfu","2"
"anal","2"
"remix","2"
"tom","2"
"cheap","2"
"itunes","2"
"falafel","2"
"stayoffthetracks","2"
"upon","2"
"west","2"
"probz","2"
"adventure","2"
"chicken","2"
"caught","2"
"japan","2"
"concert","2"
"homie","2"
"leg","2"
"leo","2"
"lex","2"
"cares","2"
"each","2"
"labels","2"
"meits","2"
"muslim","2"
"kitchen","2"
"prayer","2"
"speech","2"
"quit","2"
"shoot","2"
"fixed","2"
"destiny","2"
"motivation","2"
"pain","2"
"purchase","2"
"disney","2"
"paid","2"
"studio","2"
"whoever","2"
"lonely","2"
"players","2"
"oomf","2"
"unknown","2"
"low","2"
"quick","2"
"checked","2"
"keeps","2"
"fried","2"
"part","2"
"dope","2"
"ears","2"
"boobs","2"
"rykiel","2"
"adult","2"
"attitude","2"
"hotel","2"
"wednesday","2"
"celebs","2"
"stealing","2"
"die","2"
"london","2"
"later","2"
"club","2"
"allaah","2"
"final","2"
"paradise","2"
"slays","2"
"wasnt","2"
"human","2"
"relax","2"
"beach","2"
"grant","2"
"showing","2"
"upcoming","2"
"lunch","2"
"dms","2"
"kindness","2"
"hoping","2"
"status","2"
"bria","2"
"bands","2"
"laundry","2"
"stand","2"
"bless","2"
"everyones","2"
"mail","2"
"liked","2"
"mcm","2"
"lungs","2"
"waste","2"
"cocaine","2"
"physical","2"
"hardcore","2"
"orange","2"
"trending","2"
"character","2"
"dvd","2"
"bang","2"
"meaning","2"
"melbourne","2"
"frozen","2"
"miller","2"
"bother","2"
"wolf","2"
"mlp","2"
"allow","2"
"downloads","2"
"themselves","2"
"backstage","2"
"sleepy","2"
"winning","2"
"mary","2"
"healthy","2"
"raynniere","2"
"mate","2"
"math","2"
"lgbt","2"
"foundation","2"
"secret","2"
"chipotle","2"
"throwing","2"
"across","2"
"naturally","2"
"hockey","2"
"voice","2"
"injuries","2"
"prepared","2"
"winter","2"
"lmfao","2"
"walking","2"
"spend","2"
"tfbjp","2"
"advantage","2"
"hands","2"
"yeah","2"
"version","2"
"least","2"
"backroads","2"
"lease","2"
"cruisin","2"
"spring","2"
"wetwednesday","2"
"sonia","2"
"elt","2"
"ohhh","2"
"shits","2"
"females","2"
"rice","2"
"tries","2"
"nap","2"
"thousands","2"
"asked","2"
"beddd","2"
"womens","2"
"nasty","2"
"kitty","2"
"eve","2"
"talented","2"
"shift","2"
"countries","2"
"eye","2"
"himself","2"
"automatically","2"
"students","2"
"heros","2"
"boring","2"
"absolute","2"
"emabiggest","2"
"florida","2"
"jazz","2"
"huge","2"
"town","2"
"whatever","2"
"yards","2"
"color","2"
"lipstick","2"
"breaks","2"
"bothered","2"
"fav","2"
"lives","2"
"double","2"
"chocolate","2"
"fcc","2"
"memories","2"
"livin","2"
"strawberry","2"
"heres","2"
"shirt","2"
"ipad","2"
"along","2"
"hottest","2"
"diet","2"
"david","2"
"butter","2"
"wit","2"
"wiz","2"
"various","2"
"uses","2"
"visit","2"
"ad","2"
"ah","2"
"al","2"
"puppy","2"
"raps","2"
"hating","2"
"dr","2"
"armour","2"
"bohemian","2"
"rare","2"
"needs","2"
"fb","2"
"ｒｅｔｗｅｅｔ","2"
"bixby","2"
"indie","2"
"tears","2"
"fr","2"
"random","2"
"fw","2"
"plot","2"
"trouble","2"
"management","2"
"ha","2"
"likely","2"
"issue","2"
"announce","2"
"hypothetically","2"
"gave","2"
"jk","2"
"lm","2"
"ms","2"
"mt","2"
"amazon","2"
"entry","2"
"butare","2"
"brick","2"
"oz","2"
"kisses","2"
"ripping","2"
"re","2"
"sm","2"
"liam","2"
"decision","2"
"syria","2"
"blessings","2"
"uk","2"
"details","2"
"preview","2"
"changes","2"
"teach","2"
"xx","2"
"competition","2"
"beyond","2"
"depressed","2"
"nails","2"
"iphone","2"
"sexual","2"
"south","2"
"puts","2"
"ended","2"
"self","2"
"roses","2"
"thru","2"
"owl","2"
"snake","2"
"security","2"
"station","2"
"sept","2"
"smoke","2"
"wild","2"
"youth","2"
"sister","2"
"baked","2"
"wine","2"
"lips","2"
"gooaaallll","2"
"chill","2"
"gop","2"
"conversation","2"
"murder","2"
"revival","2"
"external","2"
"colorado","2"
"magazine","2"
"pocket","2"
"entire","2"
"alright","2"
"million","2"
"obama","2"
"bought","2"
"whether","2"
"gym","2"
"evil","2"
"twist","2"
"youve","2"
"busy","2"
"design","2"
"saddest","2"
"hysterical","2"
"jessica","2"
"wall","2"
"lame","2"
"cuddles","2"
"walmart","2"
"discussion","2"
"championship","2"
"reality","2"
"christ","2"
"religion","2"
"till","2"
"fridge","2"
"hat","2"
"realize","2"
"surrey","2"
"playing","2"
"program","2"
"tips","2"
"supreme","2"
"ipadgames","2"
"small","2"
"listen","2"
"major","2"
"tree","2"
"hoes","2"
"point","2"
"hospital","2"
"deserve","2"
"hurry","2"
"innocent","2"
"appreciate","2"
"hunting","2"
"beer","2"
"happen","2"
"opportunity","2"
"court","2"
"mirror","2"
"purse","2"
"listened","2"
"planet","2"
"creep","2"
"waiting","2"
"huh","2"
"heavy","2"
"acting","2"
"sings","2"
"summer","2"
"creek","2"
"dylan","2"
"positive","2"
"steps","2"
"arrested","2"
"soul","2"
"heard","2"
"lions","2"
"fire","2"
"rude","2"
"saturday","2"
"democracy","2"
"simon","2"
"mainly","2"
"ruin","2"
"celebrate","2"
"idc","2"
"squad","2"
"staring","2"
"lawsuit","2"
"father","2"
"rule","2"
"guitar","2"
"games","2"
"agree","2"
"foreign","2"
"homework","2"
"abstract","2"
"perfect","2"
"clearly","2"
"space","2"
"bnsf","2"
"ily","2"
"fame","2"
"ima","2"
"death","2"
"network","2"
"jealous","2"
"terrorism","2"
"melons","2"
"isis","2"
"comic","2"
"ran","2"
"rap","2"
"raw","2"
"ray","2"
"exam","2"
"attachments","2"
"ltgt","2"
"scott","2"
"fuckin","2"
"duck","2"
"dreaming","2"
"respect","2"
"article","2"
"united","2"
"crap","2"
"truth","2"
"dude","2"
"college","2"
"rid","2"
"durant","2"
"cowboys","2"
"handle","2"
"city","2"
"vacation","2"
"speak","2"
"future","2"
"donald","2"
"points","2"
"disappoint","2"
"saying","2"
"batman","2"
"accurate","2"
"taste","2"
"broke","2"
"deeds","2"
"rings","2"
"devil","2"
"cookies","2"
"matching","2"
"worth","2"
"patience","2"
"kids","2"
"rtw","2"
"tshirt","2"
"rub","2"
"becoming","2"
"castle","2"
"either","2"
"delicious","2"
"worse","2"
"longer","2"
"watched","2"
"selling","2"
"leaving","2"
"aus","2"
"boom","2"
"savior","2"
"grind","2"
"flirty","2"
"collected","2"
"truly","2"
"case","2"
"sunday","2"
"ditches","2"
"nash","2"
"icey","2"
"shut","2"
"luck","2"
"simple","2"
"totally","2"
"important","2"
"phrase","2"
"itll","2"
"sam","2"
"bieber","2"
"saw","2"
"also","2"
"mentor","2"
"offer","2"
"bar","2"
"bay","2"
"mgdts","2"
"deal","2"
"dead","2"
"wheat","2"
"sep","2"
"set","2"
"jobs","2"
"bea","2"
"bed","2"
"jus","2"
"shouts","2"
"searches","2"
"deed","2"
"sit","2"
"congrats","2"
"join","2"
"bjk","2"
"large","2"
"hella","2"
"hello","2"
"sls","2"
"alive","2"
"smh","2"
"misses","2"
"pieman","2"
"bread","2"
"nsfw","2"
"several","2"
"angel","2"
"stands","2"
"soo","2"
"download","2"
"officially","2"
"gwen","2"
"attached","2"
"decent","2"
"interesting","2"
"scored","2"
"awards","2"
"counts","2"
"somewhere","2"
"bro","2"
"australia","2"
"iphonegames","2"
"sum","2"
"key","2"
"stopped","2"
"store","2"
"hill","2"
"laughing","2"
"bus","2"
"tube","2"
"desi","2"
"sing","2"
"snapchat","2"
"meatballs","2"
"bye","2"
"nights","2"
"nonna","2"
"dfandom","2"
"flag","2"
"gods","2"
"rock","2"
"seeing","2"
"regular","2"
"hits","2"
"cymbalum","2"
"herself","2"
"paris","2"
"marriage","2"
"nobodys","1"
"cancel","1"
"explosive","1"
"shooting","1"
"thrones","1"
"tea","1"
"drunk","1"
"customs","1"
"ten","1"
"scifi","1"
"solid","1"
"catherines","1"
"meanwhile","1"
"spreading","1"
"investment","1"
"highspeed","1"
"persian","1"
"pottiteam","1"
"size","1"
"newspaper","1"
"telling","1"
"tfw","1"
"turd","1"
"minds","1"
"corners","1"
"highroad","1"
"flip","1"
"raids","1"
"resume","1"
"dlittle","1"
"address","1"
"salt","1"
"f","1"
"cnblue","1"
"eating","1"
"blood","1"
"straight","1"
"police","1"
"thang","1"
"exciting","1"
"obvious","1"
"z","1"
"someones","1"
"surgery","1"
"november","1"
"happ","1"
"kontrol","1"
"deploy","1"
"sheepish","1"
"empty","1"
"skeleton","1"
"til","1"
"besides","1"
"serious","1"
"tis","1"
"rome","1"
"che","1"
"androidandroidgamesgameinsight","1"
"niceday","1"
"fantasy","1"
"onto","1"
"mines","1"
"gorgeous","1"
"supposed","1"
"iamremn","1"
"uzmevde","1"
"hypercar","1"
"cremated","1"
"cir","1"
"tripod","1"
"society","1"
"datenight","1"
"romantic","1"
"provides","1"
"oldies","1"
"welp","1"
"byrd","1"
"quarters","1"
"realized","1"
"rehman","1"
"cheer","1"
"versus","1"
"edtsparks","1"
"irrelevant","1"
"flop","1"
"struck","1"
"sass","1"
"thass","1"
"pressed","1"
"indonesia","1"
"whosup","1"
"reform","1"
"cooperating","1"
"sydney","1"
"bringing","1"
"schools","1"
"razor","1"
"ponds","1"
"gangsta","1"
"scran","1"
"cameras","1"
"atlast","1"
"whatcha","1"
"listens","1"
"caitlyn","1"
"toy","1"
"twerk","1"
"taller","1"
"lovey","1"
"gaming","1"
"product","1"
"cnn","1"
"reminder","1"
"question","1"
"drugs","1"
"lover","1"
"asian","1"
"ross","1"
"hater","1"
"cheat","1"
"walks","1"
"rose","1"
"inkblazers","1"
"con","1"
"kudos","1"
"minor","1"
"yelling","1"
"imma","1"
"lab","1"
"laf","1"
"scrolls","1"
"microwaving","1"
"function","1"
"holla","1"
"raise","1"
"robbietick","1"
"las","1"
"coins","1"
"less","1"
"ceremony","1"
"gucci","1"
"bombing","1"
"became","1"
"robinthe","1"
"weve","1"
"generous","1"
"coincidence","1"
"floor","1"
"possibility","1"
"frankie","1"
"selfies","1"
"osband","1"
"pillow","1"
"spoken","1"
"onassis","1"
"bluelt","1"
"weekends","1"
"flawless","1"
"pits","1"
"defines","1"
"preg","1"
"worked","1"
"integrity","1"
"tus","1"
"cte","1"
"stats","1"
"flashpoint","1"
"hackers","1"
"les","1"
"remittance","1"
"press","1"
"defined","1"
"hypocritcis","1"
"cheww","1"
"idgaf","1"
"picks","1"
"pack","1"
"cud","1"
"prolapse","1"
"directo","1"
"offering","1"
"cum","1"
"shots","1"
"items","1"
"warrior","1"
"cuz","1"
"dollars","1"
"screenshot","1"
"promote","1"
"desiree","1"
"worried","1"
"ankle","1"
"cuantekksimuetts","1"
"situation","1"
"stench","1"
"muriel","1"
"languages","1"
"donating","1"
"replaced","1"
"ccot","1"
"clap","1"
"polish","1"
"cabinet","1"
"surely","1"
"medical","1"
"slapped","1"
"gotcha","1"
"apparel","1"
"source","1"
"domestic","1"
"lip","1"
"dying","1"
"blows","1"
"actual","1"
"chest","1"
"suites","1"
"involves","1"
"elese","1"
"consultants","1"
"bestfriends","1"
"overall","1"
"unilever","1"
"scientist","1"
"morgans","1"
"cared","1"
"eakk","1"
"lifting","1"
"refollow","1"
"stealmygirlgotleaked","1"
"shore","1"
"stars","1"
"pair","1"
"pumping","1"
"dfwr","1"
"watson","1"
"short","1"
"landsat","1"
"whatsup","1"
"eagles","1"
"unblock","1"
"apgsweeps","1"
"homies","1"
"swimsuit","1"
"loooooooooooooooooooooooooooooooooooooooooooooooooooooooooooooooool","1"
"cameron","1"
"sakho","1"
"dates","1"
"priority","1"
"artfollow","1"
"emersyns","1"
"provide","1"
"imissmy","1"
"log","1"
"bright","1"
"solar","1"
"tumblr","1"
"glasses","1"
"comedies","1"
"los","1"
"computer","1"
"lou","1"
"cheesecake","1"
"jackie","1"
"planner","1"
"puckett","1"
"meant","1"
"means","1"
"wallet","1"
"clim","1"
"performer","1"
"prod","1"
"fellow","1"
"inlove","1"
"hanging","1"
"sharted","1"
"hunny","1"
"morningtoobigbos","1"
"clip","1"
"oasis","1"
"experience","1"
"launched","1"
"bettert","1"
"bloom","1"
"shown","1"
"iambeautiful","1"
"das","1"
"disappeared","1"
"inappropriate","1"
"goodnight","1"
"uck","1"
"lre","1"
"jewelry","1"
"island","1"
"artwork","1"
"monica","1"
"lrt","1"
"stays","1"
"rainbow","1"
"creates","1"
"superman","1"
"undressing","1"
"birdman","1"
"cuter","1"
"sakes","1"
"minaj","1"
"jealousy","1"
"conversations","1"
"werent","1"
"hahahaha","1"
"park","1"
"herbal","1"
"revenge","1"
"built","1"
"subscribe","1"
"lectures","1"
"startups","1"
"harrypotter","1"
"third","1"
"djchuckie","1"
"reclamation","1"
"verizon","1"
"del","1"
"dek","1"
"crack","1"
"record","1"
"ugh","1"
"scanner","1"
"cube","1"
"chicago","1"
"announcement","1"
"pass","1"
"milf","1"
"bill","1"
"easy","1"
"whipped","1"
"bucket","1"
"hanginoutinmybody","1"
"smiled","1"
"eats","1"
"paso","1"
"easilyquickly","1"
"allahs","1"
"treatment","1"
"albums","1"
"choosing","1"
"mins","1"
"journal","1"
"philadelphia","1"
"dudes","1"
"unlike","1"
"yourtake","1"
"business","1"
"nonmajors","1"
"insid","1"
"bloodbound","1"
"friendliest","1"
"richest","1"
"penguin","1"
"woohooo","1"
"added","1"
"happiest","1"
"cheated","1"
"tweets","1"
"dis","1"
"brings","1"
"passport","1"
"clue","1"
"forgotten","1"
"brianna","1"
"angeles","1"
"reviving","1"
"intriguing","1"
"mnwild","1"
"feast","1"
"acceptance","1"
"undatable","1"
"puzzled","1"
"pumped","1"
"rather","1"
"training","1"
"states","1"
"uplets","1"
"shitkianasays","1"
"badd","1"
"umm","1"
"doorstep","1"
"houston","1"
"podcast","1"
"yejinah","1"
"disgusting","1"
"company","1"
"thomas","1"
"originals","1"
"amulets","1"
"deflower","1"
"spelling","1"
"harris","1"
"retro","1"
"advert","1"
"jessi","1"
"sheesh","1"
"babessss","1"
"schedule","1"
"maam","1"
"universe","1"
"arjmund","1"
"googles","1"
"vaccinations","1"
"brothers","1"
"discount","1"
"attempt","1"
"dmx","1"
"fluorescent","1"
"division","1"
"fingerprint","1"
"lock","1"
"feat","1"
"fear","1"
"beverages","1"
"cookie","1"
"sense","1"
"field","1"
"curse","1"
"ups","1"
"badu","1"
"silenced","1"
"diffusion","1"
"doo","1"
"bags","1"
"goodbye","1"
"pourr","1"
"feck","1"
"tailor","1"
"stingray","1"
"mac","1"
"cult","1"
"known","1"
"libra","1"
"paranormal","1"
"raphael","1"
"ure","1"
"quebec","1"
"websites","1"
"afte","1"
"usa","1"
"emoji","1"
"dimensional","1"
"cnucareer","1"
"subject","1"
"feen","1"
"casino","1"
"sadness","1"
"merch","1"
"cunt","1"
"legit","1"
"credit","1"
"oxygen","1"
"terrible","1"
"alter","1"
"feds","1"
"comedy","1"
"awwe","1"
"ideas","1"
"awwh","1"
"picking","1"
"bronx","1"
"background","1"
"twat","1"
"lakers","1"
"skincare","1"
"meh","1"
"ball","1"
"relive","1"
"custer","1"
"men","1"
"smoking","1"
"louis","1"
"wicked","1"
"gregory","1"
"nowplaying","1"
"titus","1"
"majo","1"
"thread","1"
"mango","1"
"bake","1"
"dui","1"
"lodge","1"
"dun","1"
"depend","1"
"octomom","1"
"friendships","1"
"cure","1"
"instagram","1"
"garfield","1"
"crash","1"
"stripes","1"
"above","1"
"stick","1"
"mama","1"
"released","1"
"receiver","1"
"august","1"
"singing","1"
"boxeo","1"
"balm","1"
"benefit","1"
"fastcar","1"
"supercar","1"
"deffo","1"
"stanning","1"
"thingsever","1"
"scan","1"
"industry","1"
"specters","1"
"min","1"
"cmdr","1"
"boots","1"
"mix","1"
"dirty","1"
"lolz","1"
"middle","1"
"idiotic","1"
"slang","1"
"mans","1"
"heavenly","1"
"releases","1"
"appear","1"
"lolo","1"
"texts","1"
"mane","1"
"troubleshooting","1"
"experts","1"
"mang","1"
"foucault","1"
"krazy","1"
"berry","1"
"dyw","1"
"abortion","1"
"numbers","1"
"project","1"
"seven","1"
"jeters","1"
"myboy","1"
"tobacco","1"
"california","1"
"dirtydutch","1"
"aooo","1"
"studying","1"
"beard","1"
"dropping","1"
"invited","1"
"felt","1"
"rohns","1"
"trimmer","1"
"monkeys","1"
"forces","1"
"smiths","1"
"internet","1"
"moviedatingteenmeboobsasspicsphoto","1"
"stfu","1"
"mass","1"
"recording","1"
"polls","1"
"resides","1"
"judgements","1"
"common","1"
"husssain","1"
"activists","1"
"mnf","1"
"mart","1"
"mars","1"
"separated","1"
"bedroom","1"
"dumbo","1"
"marc","1"
"bash","1"
"mark","1"
"mod","1"
"chamberpotlolz","1"
"arctic","1"
"quiero","1"
"revolution","1"
"callum","1"
"humor","1"
"bodily","1"
"insta","1"
"mph","1"
"matt","1"
"impala","1"
"followback","1"
"packs","1"
"finna","1"
"tattoo","1"
"aunty","1"
"knowing","1"
"lort","1"
"registration","1"
"wore","1"
"theory","1"
"internal","1"
"presen","1"
"patio","1"
"mortgage","1"
"believer","1"
"writing","1"
"federal","1"
"academy","1"
"include","1"
"breakingviews","1"
"juice","1"
"happyyy","1"
"mrs","1"
"sends","1"
"lots","1"
"soldier","1"
"exists","1"
"upsetting","1"
"pardew","1"
"alshoaibi","1"
"fback","1"
"shortcake","1"
"basketball","1"
"cutest","1"
"ecr","1"
"wherdtf","1"
"congsen","1"
"failed","1"
"lows","1"
"gemini","1"
"tailings","1"
"sickest","1"
"vfl","1"
"bullying","1"
"amazingbattlecreatures","1"
"mum","1"
"celeb","1"
"clouds","1"
"jackson","1"
"talks","1"
"tenants","1"
"blazarov","1"
"mvp","1"
"stephen","1"
"spent","1"
"attacking","1"
"jack","1"
"francis","1"
"ega","1"
"exception","1"
"desperate","1"
"scor","1"
"staying","1"
"fucks","1"
"blowjob","1"
"ego","1"
"handy","1"
"peeing","1"
"aloha","1"
"unsubscribe","1"
"biases","1"
"barcelona","1"
"visual","1"
"vin","1"
"silence","1"
"educate","1"
"moving","1"
"shouldve","1"
"womenlet","1"
"agrees","1"
"agreement","1"
"toby","1"
"community","1"
"stor","1"
"happening","1"
"appropriate","1"
"eid","1"
"wouldnt","1"
"failures","1"
"slay","1"
"novelines","1"
"logical","1"
"pushing","1"
"stunt","1"
"ridiculous","1"
"gayweddings","1"
"garrys","1"
"sweet","1"
"brandy","1"
"notes","1"
"sled","1"
"michelangelo","1"
"fitness","1"
"badass","1"
"busty","1"
"weils","1"
"peoples","1"
"obligatory","1"
"cruel","1"
"shrek","1"
"supergirl","1"
"shade","1"
"lawsons","1"
"canada","1"
"traditions","1"
"paola","1"
"ride","1"
"sleeping","1"
"gates","1"
"vol","1"
"responsible","1"
"medal","1"
"capitalism","1"
"rapist","1"
"photographer","1"
"mbdb","1"
"lpbw","1"
"horizon","1"
"environment","1"
"tweetdeck","1"
"twittering","1"
"pronounce","1"
"jokes","1"
"twinniee","1"
"vincents","1"
"slightly","1"
"career","1"
"ｉｆ","1"
"riff","1"
"called","1"
"wwechicago","1"
"motherfucker","1"
"kush","1"
"tried","1"
"donnie","1"
"aristotle","1"
"schooooooool","1"
"naw","1"
"programmer","1"
"noooooo","1"
"wives","1"
"alerts","1"
"programmed","1"
"nbs","1"
"chelsea","1"
"dhot","1"
"rtentry","1"
"holiday","1"
"era","1"
"potato","1"
"hamza","1"
"shark","1"
"pissed","1"
"vtg","1"
"aesthetics","1"
"milkshake","1"
"belum","1"
"dstalker","1"
"firing","1"
"francisco","1"
"esp","1"
"ineed","1"
"screen","1"
"setters","1"
"fwis","1"
"exploitation","1"
"indigenous","1"
"links","1"
"tarsands","1"
"estate","1"
"runway","1"
"shall","1"
"tony","1"
"nfl","1"
"tribe","1"
"activate","1"
"typing","1"
"cena","1"
"joseph","1"
"shame","1"
"lesbians","1"
"nightmorning","1"
"reaching","1"
"dreams","1"
"running","1"
"ngl","1"
"estonias","1"
"riku","1"
"define","1"
"hostesses","1"
"harder","1"
"premed","1"
"neos","1"
"drawer","1"
"babygirl","1"
"engage","1"
"martin","1"
"strategy","1"
"teaser","1"
"retweetsfollowtrain","1"
"johnson","1"
"skills","1"
"feckless","1"
"wavey","1"
"shoulder","1"
"voices","1"
"rents","1"
"dictionary","1"
"slow","1"
"deserved","1"
"した人全員フォローする","1"
"flash","1"
"hussain","1"
"iowa","1"
"gishwhes","1"
"vibes","1"
"jessssica","1"
"tweettaiji","1"
"sevenundertheshade","1"
"weibo","1"
"loveyou","1"
"helicopter","1"
"mayoral","1"
"ingredients","1"
"begining","1"
"graf","1"
"horror","1"
"gossip","1"
"describe","1"
"sarcasm","1"
"suck","1"
"perry","1"
"grad","1"
"featured","1"
"mayde","1"
"homeboys","1"
"jurors","1"
"sophomore","1"
"royals","1"
"forgetting","1"
"furniture","1"
"hilton","1"
"ight","1"
"domowilsons","1"
"sugaaaaar","1"
"twittergood","1"
"enema","1"
"wonders","1"
"submit","1"
"hidden","1"
"non","1"
"nom","1"
"button","1"
"central","1"
"godly","1"
"lived","1"
"supporting","1"
"delivery","1"
"green","1"
"jardin","1"
"toys","1"
"effectively","1"
"soccerpractice","1"
"greer","1"
"paramore","1"
"civies","1"
"war","1"
"rawchica","1"
"yaaaa","1"
"grey","1"
"gtgtgtgtgt","1"
"urban","1"
"african","1"
"attempted","1"
"window","1"
"gaga","1"
"wbu","1"
"shmurders","1"
"packets","1"
"gunna","1"
"priorities","1"
"grandma","1"
"far","1"
"fat","1"
"plan","1"
"uniteblue","1"
"vuelvo","1"
"probability","1"
"physiology","1"
"uncontrollably","1"
"keai","1"
"himse","1"
"goalsgt","1"
"ladies","1"
"completely","1"
"suit","1"
"apartments","1"
"lyin","1"
"study","1"
"brokers","1"
"differences","1"
"portion","1"
"irish","1"
"direct","1"
"hardship","1"
"web","1"
"older","1"
"burner","1"
"acronym","1"
"wet","1"
"prerelease","1"
"songs","1"
"gagu","1"
"heads","1"
"certain","1"
"board","1"
"levels","1"
"ariana","1"
"monkey","1"
"retirement","1"
"stressed","1"
"orlando","1"
"quoting","1"
"marked","1"
"dependable","1"
"opened","1"
"produced","1"
"sumn","1"
"pcsb","1"
"outside","1"
"effect","1"
"topic","1"
"sums","1"
"drinks","1"
"unveil","1"
"doritos","1"
"vehi","1"
"contribute","1"
"died","1"
"roundish","1"
"oldie","1"
"rocky","1"
"rearing","1"
"alone","1"
"wig","1"
"peanut","1"
"soccer","1"
"colleges","1"
"designer","1"
"tesol","1"
"handouts","1"
"attention","1"
"nyc","1"
"geocities","1"
"user","1"
"carmen","1"
"parent","1"
"funnier","1"
"voted","1"
"percy","1"
"sauce","1"
"losing","1"
"fit","1"
"honest","1"
"giant","1"
"rting","1"
"surf","1"
"promoting","1"
"revolutionize","1"
"nolosers","1"
"league","1"
"supremacy","1"
"tuberculosis","1"
"aj","1"
"fauria","1"
"former","1"
"panic","1"
"muting","1"
"captaineo","1"
"nothings","1"
"brother","1"
"bb","1"
"deletes","1"
"prove","1"
"ordering","1"
"brothel","1"
"rape","1"
"communications","1"
"fool","1"
"nickname","1"
"knick","1"
"topping","1"
"foot","1"
"innovation","1"
"cc","1"
"charge","1"
"ci","1"
"cp","1"
"flu","1"
"ct","1"
"zotto","1"
"bynes","1"
"voter","1"
"fml","1"
"braums","1"
"scarf","1"
"balldontstop","1"
"ford","1"
"thunder","1"
"gary","1"
"japanese","1"
"dialed","1"
"crochets","1"
"fahlo","1"
"lyss","1"
"which","1"
"landry","1"
"el","1"
"en","1"
"geniales","1"
"er","1"
"dike","1"
"ev","1"
"toured","1"
"ew","1"
"ex","1"
"piece","1"
"terry","1"
"elephant","1"
"foh","1"
"darksydephil","1"
"fl","1"
"loveliness","1"
"fo","1"
"talismans","1"
"brightest","1"
"teachers","1"
"adoptdontshop","1"
"contrary","1"
"landon","1"
"digital","1"
"counter","1"
"kept","1"
"energydriven","1"
"gate","1"
"mccogunahey","1"
"androidgames","1"
"placed","1"
"congress","1"
"dior","1"
"ho","1"
"canadian","1"
"ht","1"
"divine","1"
"hw","1"
"legislative","1"
"relationships","1"
"willian","1"
"diving","1"
"appeared","1"
"william","1"
"khalil","1"
"easily","1"
"bakers","1"
"bathroom","1"
"ik","1"
"bakery","1"
"maturity","1"
"ayeeee","1"
"ip","1"
"metal","1"
"edelman","1"
"crocker","1"
"innocents","1"
"doorway","1"
"traditional","1"
"vintage","1"
"jb","1"
"boyfriends","1"
"annoying","1"
"become","1"
"escaping","1"
"bossed","1"
"turned","1"
"egypts","1"
"mecca","1"
"soundcloud","1"
"sending","1"
"camera","1"
"delight","1"
"immigration","1"
"pepperidge","1"
"draw","1"
"dungeon","1"
"unionville","1"
"smallbiz","1"
"forealsgym","1"
"misunderstood","1"
"dscoop","1"
"complete","1"
"wwa","1"
"lo","1"
"seatbelt","1"
"saturns","1"
"lp","1"
"rollercoaster","1"
"diss","1"
"photos","1"
"suggests","1"
"edge","1"
"ma","1"
"skirt","1"
"picked","1"
"polyvoreeditorial","1"
"limit","1"
"seattle","1"
"communication","1"
"thankss","1"
"avocado","1"
"toxic","1"
"mo","1"
"contest","1"
"mr","1"
"author","1"
"mv","1"
"talkin","1"
"charms","1"
"plus","1"
"chosen","1"
"license","1"
"gaza","1"
"fwd","1"
"na","1"
"nc","1"
"cosby","1"
"plug","1"
"disc","1"
"ni","1"
"magellan","1"
"nm","1"
"np","1"
"ns","1"
"student","1"
"ollie","1"
"mixed","1"
"sean","1"
"storage","1"
"ny","1"
"illusion","1"
"techand","1"
"oil","1"
"oj","1"
"heap","1"
"sympathy","1"
"fight","1"
"responsable","1"
"incarceration","1"
"os","1"
"ot","1"
"intelligent","1"
"phoenix","1"
"pg","1"
"fyi","1"
"luxury","1"
"sayfie","1"
"salad","1"
"ps","1"
"strategic","1"
"nation","1"
"followdm","1"
"pw","1"
"speaking","1"
"extremely","1"
"sebs","1"
"fanmdjanm","1"
"okt","1"
"brand","1"
"forks","1"
"darkskin","1"
"diseases","1"
"charlotte","1"
"seat","1"
"rd","1"
"freddie","1"
"ri","1"
"mathew","1"
"yahua","1"
"device","1"
"rp","1"
"commentary","1"
"checking","1"
"discovered","1"
"kindheart","1"
"conference","1"
"rooney","1"
"seek","1"
"seem","1"
"sc","1"
"sd","1"
"defunct","1"
"poisoning","1"
"variety","1"
"belle","1"
"whyyy","1"
"si","1"
"wassup","1"
"george","1"
"lames","1"
"adore","1"
"sn","1"
"executes","1"
"pierce","1"
"sr","1"
"ss","1"
"starter","1"
"creati","1"
"fights","1"
"zodiac","1"
"sy","1"
"spotify","1"
"closet","1"
"oni","1"
"ta","1"
"tb","1"
"closer","1"
"ti","1"
"tl","1"
"elastic","1"
"angelfire","1"
"ts","1"
"separate","1"
"excellence","1"
"willing","1"
"boice","1"
"bcuz","1"
"sighted","1"
"hillsong","1"
"terrifyin","1"
"uh","1"
"awareness","1"
"lick","1"
"ul","1"
"un","1"
"uu","1"
"treated","1"
"puny","1"
"groupie","1"
"thin","1"
"flavor","1"
"bcus","1"
"buses","1"
"sees","1"
"puns","1"
"gerrys","1"
"yells","1"
"coin","1"
"drop","1"
"snack","1"
"changer","1"
"wa","1"
"htlikepayne","1"
"cold","1"
"learning","1"
"asksam","1"
"cole","1"
"directioner","1"
"hein","1"
"heir","1"
"dani","1"
"gap","1"
"lies","1"
"kochs","1"
"reading","1"
"storing","1"
"gbs","1"
"anthony","1"
"xy","1"
"facetime","1"
"software","1"
"chains","1"
"none","1"
"oss","1"
"odyssey","1"
"ringworm","1"
"devils","1"
"positivity","1"
"pookie","1"
"asleep","1"
"phase","1"
"wifi","1"
"lauren","1"
"atrocities","1"
"megnaamps","1"
"wife","1"
"scroll","1"
"comb","1"
"utah","1"
"praying","1"
"jagers","1"
"betty","1"
"nope","1"
"slander","1"
"boogie","1"
"gem","1"
"gel","1"
"cope","1"
"promo","1"
"consuming","1"
"ghost","1"
"snape","1"
"puppydog","1"
"dark","1"
"power","1"
"barber","1"
"clooney","1"
"dare","1"
"cook","1"
"brain","1"
"relentlessly","1"
"thot","1"
"aggro","1"
"usairstrikes","1"
"busch","1"
"dress","1"
"ails","1"
"panda","1"
"reveal","1"
"salem","1"
"sound","1"
"drug","1"
"dats","1"
"argentina","1"
"blow","1"
"curious","1"
"sent","1"
"nightmare","1"
"messy","1"
"ateal","1"
"beardy","1"
"boxing","1"
"dissing","1"
"britt","1"
"regret","1"
"purpose","1"
"line","1"
"mannnnnn","1"
"gil","1"
"gir","1"
"dicks","1"
"bday","1"
"organize","1"
"ibrox","1"
"fayth","1"
"tpain","1"
"sudbury","1"
"nose","1"
"costs","1"
"stating","1"
"cost","1"
"fishing","1"
"confidence","1"
"abbotsford","1"
"zuckerberg","1"
"treats","1"
"palmer","1"
"lily","1"
"skies","1"
"challenge","1"
"salih","1"
"introduces","1"
"functions","1"
"marrero","1"
"motels","1"
"recognized","1"
"cafeteria","1"
"rides","1"
"explanation","1"
"youu","1"
"begins","1"
"twins","1"
"emma","1"
"ｆｏｌｌｏｗｂａｃｋ","1"
"slowdive","1"
"audience","1"
"dawg","1"
"slsamg","1"
"optional","1"
"fashionable","1"
"costumes","1"
"lion","1"
"journalism","1"
"thug","1"
"innovations","1"
"shortlist","1"
"clutch","1"
"flight","1"
"pornsexxxxmovieteen","1"
"anybody","1"
"ahead","1"
"kylie","1"
"subjectverb","1"
"coyg","1"
"follo","1"
"newcastle","1"
"muff","1"
"listing","1"
"gng","1"
"committed","1"
"committee","1"
"weeknd","1"
"classless","1"
"union","1"
"wipe","1"
"americans","1"
"consultant","1"
"scheels","1"
"faces","1"
"wrap","1"
"upget","1"
"liberal","1"
"discuss","1"
"standard","1"
"acceptable","1"
"reports","1"
"wack","1"
"lmaooooooooooo","1"
"koby","1"
"miami","1"
"giurl","1"
"pad","1"
"meeeeee","1"
"pastel","1"
"wheres","1"
"selfie","1"
"gotham","1"
"pas","1"
"pax","1"
"pay","1"
"andrew","1"
"lack","1"
"labo","1"
"bingbing","1"
"candidates","1"
"regional","1"
"medium","1"
"bummed","1"
"psychology","1"
"rampb","1"
"sexy","1"
"perform","1"
"insults","1"
"peak","1"
"iever","1"
"ilovesickdrops","1"
"china","1"
"service","1"
"hooping","1"
"ourjustin","1"
"locals","1"
"bummer","1"
"named","1"
"offense","1"
"braces","1"
"americas","1"
"mrhill","1"
"uncles","1"
"gta","1"
"palestinian","1"
"winery","1"
"write","1"
"oscar","1"
"silicone","1"
"musical","1"
"bulb","1"
"birth","1"
"suspended","1"
"heaven","1"
"loving","1"
"winner","1"
"oakland","1"
"musclepharms","1"
"guh","1"
"haitham","1"
"whufc","1"
"engaged","1"
"pfw","1"
"doubted","1"
"queen","1"
"belcher","1"
"booklet","1"
"chords","1"
"overcrowding","1"
"fangirled","1"
"mason","1"
"peep","1"
"smelling","1"
"violence","1"
"heading","1"
"worrying","1"
"opportunities","1"
"tinashe","1"
"messenger","1"
"equally","1"
"reign","1"
"pia","1"
"earlier","1"
"charity","1"
"smokefree","1"
"counting","1"
"pedsoops","1"
"beneath","1"
"guaranteed","1"
"basis","1"
"carter","1"
"girlfriend","1"
"snow","1"
"jovan","1"
"meannnnn","1"
"timeeeee","1"
"swag","1"
"fruit","1"
"combat","1"
"julieanne","1"
"accidentally","1"
"playlist","1"
"attending","1"
"purveyors","1"
"lester","1"
"snsd","1"
"land","1"
"bust","1"
"goblin","1"
"buss","1"
"nothin","1"
"pastor","1"
"burn","1"
"hahathat","1"
"tied","1"
"follower","1"
"buttons","1"
"chief","1"
"emoscene","1"
"merchandise","1"
"conduct","1"
"alicia","1"
"fantastic","1"
"meddling","1"
"advertising","1"
"tauape","1"
"convo","1"
"filtering","1"
"meeting","1"
"welcome","1"
"subbing","1"
"jerseys","1"
"recognize","1"
"kong","1"
"hallways","1"
"vols","1"
"revined","1"
"styles","1"
"resign","1"
"lars","1"
"intresting","1"
"prize","1"
"chase","1"
"facts","1"
"uglycrying","1"
"accident","1"
"colors","1"
"deluxe","1"
"poo","1"
"excuse","1"
"defense","1"
"hannibal","1"
"spoonful","1"
"colombia","1"
"latest","1"
"beating","1"
"fcking","1"
"manhattan","1"
"politicians","1"
"chari","1"
"standing","1"
"englewood","1"
"yacht","1"
"acorporation","1"
"unscriptural","1"
"fandoms","1"
"friendship","1"
"buys","1"
"smith","1"
"shockingly","1"
"goods","1"
"juan","1"
"secure","1"
"hah","1"
"existential","1"
"hal","1"
"disappointed","1"
"late","1"
"champ","1"
"given","1"
"peop","1"
"pre","1"
"boardwalks","1"
"uncomfortable","1"
"dancemusic","1"
"boeing","1"
"pro","1"
"freek","1"
"disappears","1"
"myview","1"
"guilty","1"
"sexier","1"
"birdies","1"
"wars","1"
"updated","1"
"swim","1"
"basement","1"
"impossible","1"
"whoops","1"
"pss","1"
"yea","1"
"cocktail","1"
"ting","1"
"soundsidkjust","1"
"early","1"
"stormborn","1"
"yep","1"
"stealmygirlisperfect","1"
"premiere","1"
"alike","1"
"kost","1"
"typical","1"
"hdy","1"
"skeletons","1"
"shadow","1"
"hea","1"
"sickness","1"
"heh","1"
"keith","1"
"conna","1"
"congradulations","1"
"carbon","1"
"evolutionarily","1"
"laws","1"
"meets","1"
"iran","1"
"lesson","1"
"miltiple","1"
"heritage","1"
"identityconfused","1"
"kansas","1"
"harmonizers","1"
"asshole","1"
"artist","1"
"questioning","1"
"confirmed","1"
"alien","1"
"ways","1"
"alife","1"
"nicki","1"
"grown","1"
"proffesor","1"
"hha","1"
"chair","1"
"reverse","1"
"mummies","1"
"tennis","1"
"quoteofthe","1"
"january","1"
"facility","1"
"gimme","1"
"governed","1"
"photooftheday","1"
"asmsg","1"
"trey","1"
"hip","1"
"wondering","1"
"worldwide","1"
"bear","1"
"potential","1"
"coworker","1"
"rcmp","1"
"tapping","1"
"manually","1"
"quitline","1"
"workshop","1"
"shouting","1"
"taco","1"
"careless","1"
"hurts","1"
"yosemite","1"
"affiliates","1"
"putins","1"
"palatka","1"
"therewe","1"
"condom","1"
"riddance","1"
"squats","1"
"values","1"
"reveals","1"
"rocking","1"
"dundro","1"
"asap","1"
"parisfashionweek","1"
"wolves","1"
"debut","1"
"induced","1"
"festive","1"
"chef","1"
"armageddon","1"
"soda","1"
"tweeted","1"
"glad","1"
"neegas","1"
"suggestions","1"
"asians","1"
"tixs","1"
"videos","1"
"meee","1"
"harvested","1"
"hmu","1"
"trip","1"
"trim","1"
"lowkey","1"
"abby","1"
"panettiere","1"
"rally","1"
"soft","1"
"knowledge","1"
"romanticizing","1"
"sofa","1"
"marketinghf","1"
"active","1"
"pixture","1"
"population","1"
"sweetie","1"
"diehl","1"
"gdynia","1"
"deals","1"
"stems","1"
"fico","1"
"sweetly","1"
"peter","1"
"blocking","1"
"comet","1"
"wedding","1"
"αχω","1"
"drains","1"
"lbcc","1"
"tail","1"
"thursday","1"
"assemble","1"
"kitchens","1"
"march","1"
"blast","1"
"tells","1"
"katherine","1"
"bmwi","1"
"series","1"
"slylos","1"
"sniffing","1"
"escorted","1"
"represent","1"
"bein","1"
"aries","1"
"okok","1"
"enjoying","1"
"scotland","1"
"gatherings","1"
"chinese","1"
"fifa","1"
"scarlett","1"
"kdbday","1"
"reply","1"
"blowout","1"
"lolstg","1"
"vision","1"
"danny","1"
"spoilers","1"
"erryday","1"
"yuccas","1"
"bookings","1"
"thighs","1"
"purchasing","1"
"triflen","1"
"santa","1"
"phoness","1"
"swallowed","1"
"pretzelchele","1"
"dialing","1"
"seeker","1"
"homo","1"
"exposed","1"
"juss","1"
"diego","1"
"featuring","1"
"templin","1"
"potter","1"
"pweh","1"
"holy","1"
"pokemon","1"
"grandson","1"
"asia","1"
"tattzooed","1"
"htt","1"
"killed","1"
"foreals","1"
"fleetwood","1"
"winks","1"
"hug","1"
"patriots","1"
"president","1"
"explain","1"
"subtweet","1"
"qfy","1"
"alrwadu","1"
"answers","1"
"sooo","1"
"kamsters","1"
"cumberbatch","1"
"executive","1"
"stadium","1"
"soundtrack","1"
"ｙｏｕ","1"
"tukar","1"
"rustin","1"
"sone","1"
"funniest","1"
"cream","1"
"hood","1"
"bell","1"
"hong","1"
"woodshaving","1"
"everythin","1"
"yeswewill","1"
"explored","1"
"reached","1"
"hardest","1"
"dragons","1"
"suburbs","1"
"weddings","1"
"calvert","1"
"moses","1"
"curtailed","1"
"products","1"
"robert","1"
"nikki","1"
"austin","1"
"xxxxxxxxx","1"
"redhead","1"
"within","1"
"topics","1"
"hahahah","1"
"health","1"
"tara","1"
"gathered","1"
"heresy","1"
"pisces","1"
"trigger","1"
"mens","1"
"evening","1"
"return","1"
"unders","1"
"aminnnn","1"
"someeeee","1"
"guat","1"
"mustsee","1"
"towels","1"
"opponent","1"
"tapetimes","1"
"sooner","1"
"merica","1"
"difficult","1"
"fill","1"
"professor","1"
"specialist","1"
"scientists","1"
"position","1"
"petty","1"
"sora","1"
"adorable","1"
"kickstarter","1"
"problems","1"
"hawley","1"
"derek","1"
"hour","1"
"jamesy","1"
"microwave","1"
"screenshotting","1"
"rhapsody","1"
"celine","1"
"abou","1"
"lmaooo","1"
"willowick","1"
"benny","1"
"racks","1"
"theatre","1"
"cover","1"
"firm","1"
"reflect","1"
"outfit","1"
"ignorant","1"
"letusoutearly","1"
"fashioned","1"
"richmond","1"
"pickering","1"
"zar","1"
"sebastian","1"
"tiger","1"
"except","1"
"fact","1"
"fist","1"
"roadstates","1"
"vomit","1"
"scooters","1"
"zombies","1"
"reaction","1"
"wears","1"
"keyon","1"
"mastered","1"
"spyder","1"
"trips","1"
"showed","1"
"weare","1"
"invite","1"
"obligations","1"
"ice","1"
"independence","1"
"crewy","1"
"openfollow","1"
"whenever","1"
"hydrophobic","1"
"unbreakable","1"
"lookin","1"
"notwe","1"
"fitz","1"
"finding","1"
"fits","1"
"announced","1"
"bursts","1"
"campaign","1"
"kills","1"
"reasons","1"
"rough","1"
"swept","1"
"quo","1"
"amateur","1"
"isay","1"
"wants","1"
"definition","1"
"dramatic","1"
"indeed","1"
"sands","1"
"grande","1"
"onlife","1"
"summertime","1"
"tuphearur","1"
"noordam","1"
"tonorosario","1"
"during","1"
"stepping","1"
"degrees","1"
"hungover","1"
"grammar","1"
"albuquerque","1"
"gamer","1"
"hotblood","1"
"dependent","1"
"ecstatic","1"
"decorating","1"
"dancer","1"
"itself","1"
"mercedes","1"
"pride","1"
"breakfast","1"
"keepin","1"
"narrated","1"
"broadcast","1"
"calum","1"
"cushions","1"
"church","1"
"gtgtgt","1"
"birda","1"
"wherever","1"
"jesssiiii","1"
"ijn","1"
"osborne","1"
"culture","1"
"neona","1"
"wings","1"
"cannot","1"
"forgot","1"
"lightskin","1"
"checkpoint","1"
"sagittarius","1"
"lambert","1"
"backkkk","1"
"benedict","1"
"arrowhead","1"
"pole","1"
"nephew","1"
"spree","1"
"thankyou","1"
"bottom","1"
"bookdef","1"
"choppa","1"
"gmaa","1"
"thugs","1"
"imb","1"
"chrissy","1"
"mercury","1"
"superleague","1"
"interact","1"
"membership","1"
"laughs","1"
"tracy","1"
"terrorist","1"
"christina","1"
"reservesuspended","1"
"holding","1"
"moments","1"
"public","1"
"paper","1"
"winds","1"
"roommate","1"
"beers","1"
"track","1"
"inc","1"
"haddad","1"
"fortune","1"
"newsnight","1"
"ink","1"
"unrated","1"
"ilovemexicanfood","1"
"performance","1"
"currently","1"
"round","1"
"stages","1"
"normally","1"
"sweetheart","1"
"texas","1"
"spouse","1"
"building","1"
"properly","1"
"score","1"
"pregame","1"
"warns","1"
"farm","1"
"nigerians","1"
"airport","1"
"cultural","1"
"laboom","1"
"persons","1"
"pearls","1"
"jigawa","1"
"poster","1"
"tvmovies","1"
"pony","1"
"ketchup","1"
"hobby","1"
"southern","1"
"weeks","1"
"maneuver","1"
"dollar","1"
"northvan","1"
"blamed","1"
"heeey","1"
"witchesofeastend","1"
"niky","1"
"winners","1"
"abc","1"
"michigan","1"
"oppression","1"
"abs","1"
"workout","1"
"calling","1"
"congestion","1"
"citizens","1"
"blames","1"
"saddle","1"
"blonde","1"
"ref","1"
"itd","1"
"helped","1"
"ite","1"
"swift","1"
"add","1"
"girlfriends","1"
"port","1"
"cultures","1"
"exec","1"
"magically","1"
"rft","1"
"searching","1"
"choose","1"
"jets","1"
"jeans","1"
"miles","1"
"backbiting","1"
"succa","1"
"striker","1"
"pour","1"
"recorded","1"
"tarantula","1"
"aquarius","1"
"gendered","1"
"enjoyed","1"
"tights","1"
"username","1"
"saree","1"
"liams","1"
"mfor","1"
"connects","1"
"tootiredtofunction","1"
"decline","1"
"rip","1"
"ahh","1"
"greatnot","1"
"conceded","1"
"eggs","1"
"sporting","1"
"snappy","1"
"milfs","1"
"tough","1"
"serbian","1"
"zzr","1"
"gubbio","1"
"fckin","1"
"catholic","1"
"atamp","1"
"aid","1"
"algorithms","1"
"maury","1"
"kelly","1"
"healthcare","1"
"extravagant","1"
"bubble","1"
"electronic","1"
"sacred","1"
"blushing","1"
"haram","1"
"babeeeee","1"
"boat","1"
"audre","1"
"removed","1"
"powerful","1"
"meditation","1"
"rewatched","1"
"shay","1"
"ccdoc","1"
"mississippi","1"
"signing","1"
"rly","1"
"shed","1"
"cliffs","1"
"fitstats","1"
"pregnant","1"
"bestieforever","1"
"tying","1"
"finale","1"
"alt","1"
"ameen","1"
"moda","1"
"breathes","1"
"earworm","1"
"unit","1"
"cafe","1"
"ama","1"
"amc","1"
"amg","1"
"collect","1"
"gear","1"
"badly","1"
"rob","1"
"hiring","1"
"rearranging","1"
"dumb","1"
"bankof","1"
"touchdown","1"
"row","1"
"twitterland","1"
"commented","1"
"juyjyttpwwwclickdreamscombr","1"
"sucks","1"
"tunes","1"
"retweeting","1"
"warnings","1"
"unnecessary","1"
"millz","1"
"caring","1"
"application","1"
"tuned","1"
"starring","1"
"jasminejp","1"
"collapse","1"
"vibe","1"
"acts","1"
"governorsbeachclub","1"
"oxford","1"
"chiefs","1"
"hires","1"
"peezy","1"
"jam","1"
"ferreira","1"
"sweater","1"
"poverty","1"
"hopkinsville","1"
"tummy","1"
"jay","1"
"laron","1"
"nail","1"
"fammmmm","1"
"contigo","1"
"photographs","1"
"pathetic","1"
"reds","1"
"telescope","1"
"eddie","1"
"increased","1"
"wherw","1"
"northwest","1"
"inspiring","1"
"pockets","1"
"malik","1"
"elephants","1"
"came","1"
"penis","1"
"takes","1"
"arm","1"
"popular","1"
"noticed","1"
"hayden","1"
"curls","1"
"describes","1"
"morningras","1"
"rts","1"
"theyll","1"
"blowjobs","1"
"birthdays","1"
"engagement","1"
"officer","1"
"run","1"
"losers","1"
"debate","1"
"vulnerable","1"
"protests","1"
"jen","1"
"ate","1"
"graaa","1"
"murdersuicide","1"
"jet","1"
"patricks","1"
"results","1"
"dust","1"
"worry","1"
"osman","1"
"elephante","1"
"camo","1"
"yrold","1"
"volunteer","1"
"colleagues","1"
"worst","1"
"reflections","1"
"dmed","1"
"android","1"
"truck","1"
"description","1"
"edition","1"
"yaaaaaas","1"
"negative","1"
"pizza","1"
"ally","1"
"boot","1"
"shoe","1"
"rodriguez","1"
"awe","1"
"editing","1"
"target","1"
"awh","1"
"giants","1"
"duty","1"
"moms","1"
"tkts","1"
"aww","1"
"fancy","1"
"trump","1"
"developers","1"
"omgg","1"
"poured","1"
"cart","1"
"jim","1"
"princess","1"
"cash","1"
"bidha","1"
"item","1"
"outshines","1"
"trunk","1"
"carr","1"
"wotless","1"
"gems","1"
"slide","1"
"andanother","1"
"bennett","1"
"noona","1"
"boss","1"
"reps","1"
"guard","1"
"settle","1"
"kimm","1"
"pleeeeez","1"
"freedom","1"
"criminals","1"
"nate","1"
"soaring","1"
"physics","1"
"snowflakes","1"
"protect","1"
"demon","1"
"scooter","1"
"metallicas","1"
"chapstick","1"
"noooo","1"
"kill","1"
"iview","1"
"nasa","1"
"cats","1